Aldershot,https://en.wikipedia.org/wiki/Aldershot_(UK_Parliament_constituency),https://en.wikipedia.org/wiki/Aldershot_(UK_Parliament_constituency)
Aldridge-Brownhills,https://en.wikipedia.org/wiki/Aldridge-Brownhills_(UK_Parliament_constituency),https://en.wikipedia.org/wiki/Aldridge-Brownhills_(UK_Parliament_constituency)
Altrincham_and_Sale_West,https://en.wikipedia.org/wiki/Altrincham_and_Sale_West_(UK_Parliament_constituency),https://en.wikipedia.org/wiki/Altrincham_and_Sale_West_(UK_Parliament_constituency)
Amber_Valley,https://en.wikipedia.org/wiki/Amber_Valley_(UK_Parliament_constituency),https://en.wikipedia.org/wiki/Amber_Valley_(UK_Parliament_constituency)
Arundel_and_South_Downs,https://en.wikipedia.org/wiki/Arundel_and_South_Downs_(UK_Parliament_constituency),https://en.wikipedia.org/wiki/Arundel_and_South_Downs_(UK_Parliament_constituency)
Ashfield,https://en.wikipedia.org/wiki/Ashfield_(UK_Parliament_constituency),https://en.wikipedia.org/wiki/Ashfield_(UK_Parliament_constituency)
Ashford,https://en.wikipedia.org/wiki/Ashford_(UK_Parliament_constituency),https://en.wikipedia.org/wiki/Ashford_(UK_Parliament_constituency)
Ashton-under-Lyne,https://en.wikipedia.org/wiki/Ashton-under-Lyne_(UK_Parliament_constituency),https://en.wikipedia.org/wiki/Ashton-under-Lyne_(UK_Parliament_constituency)
Aylesbury,https://en.wikipedia.org/wiki/Aylesbury_(UK_Parliament_constituency),https://en.wikipedia.org/wiki/Aylesbury_(UK_Parliament_constituency)
Banbury,https://en.wikipedia.org/wiki/Banbury_(UK_Parliament_constituency),https://en.wikipedia.org/wiki/Banbury_(UK_Parliament_constituency)
Barking,https://en.wikipedia.org/wiki/Barking_(UK_Parliament_constituency),https://en.wikipedia.org/wiki/Barking_(UK_Parliament_constituency)
Barnsley_Central,https://en.wikipedia.org/wiki/Barnsley_Central_(UK_Parliament_constituency),https://en.wikipedia.org/wiki/Barnsley_Central_(UK_Parliament_constituency)
Barnsley_East,https://en.wikipedia.org/wiki/Barnsley_East_(UK_Parliament_constituency),https://en.wikipedia.org/wiki/Barnsley_East_(UK_Parliament_constituency)
Barrow_and_Furness,https://en.wikipedia.org/wiki/Barrow_and_Furness_(UK_Parliament_constituency),https://en.wikipedia.org/wiki/Barrow_and_Furness_(UK_Parliament_constituency)
Basildon_and_Billericay,https://en.wikipedia.org/wiki/Basildon_and_Billericay_(UK_Parliament_constituency),https://en.wikipedia.org/wiki/Basildon_and_Billericay_(UK_Parliament_constituency)
Basingstoke,https://en.wikipedia.org/wiki/Basingstoke_(UK_Parliament_constituency),https://en.wikipedia.org/wiki/Basingstoke_(UK_Parliament_constituency)
Bassetlaw,https://en.wikipedia.org/wiki/Bassetlaw_(UK_Parliament_constituency),https://en.wikipedia.org/wiki/Bassetlaw_(UK_Parliament_constituency)
Bath,https://en.wikipedia.org/wiki/Bath_(UK_Parliament_constituency),https://en.wikipedia.org/wiki/Bath_(UK_Parliament_constituency)
Batley_and_Spen,https://en.wikipedia.org/wiki/Batley_and_Spen_(UK_Parliament_constituency),https://en.wikipedia.org/wiki/Batley_and_Spen_(UK_Parliament_constituency)
Battersea,https://en.wikipedia.org/wiki/Battersea_(UK_Parliament_constituency),https://en.wikipedia.org/wiki/Battersea_(UK_Parliament_constituency)
Beaconsfield,https://en.wikipedia.org/wiki/Beaconsfield_(UK_Parliament_constituency),https://en.wikipedia.org/wiki/Beaconsfield_(UK_Parliament_constituency)
Beckenham,https://en.wikipedia.org/wiki/Beckenham_(UK_Parliament_constituency),https://en.wikipedia.org/wiki/Beckenham_(UK_Parliament_constituency)
Bedford,https://en.wikipedia.org/wiki/Bedford_(UK_Parliament_constituency),https://en.wikipedia.org/wiki/Bedford_(UK_Parliament_constituency)
Bermondsey_and_Old_Southwark,https://en.wikipedia.org/wiki/Bermondsey_and_Old_Southwark_(UK_Parliament_constituency),https://en.wikipedia.org/wiki/Bermondsey_and_Old_Southwark_(UK_Parliament_constituency)
Berwick-upon-Tweed,https://en.wikipedia.org/wiki/Berwick-upon-Tweed_(UK_Parliament_constituency),https://en.wikipedia.org/wiki/Berwick-upon-Tweed_(UK_Parliament_constituency)
Bethnal_Green_and_Bow,https://en.wikipedia.org/wiki/Bethnal_Green_and_Bow_(UK_Parliament_constituency),https://en.wikipedia.org/wiki/Bethnal_Green_and_Bow_(UK_Parliament_constituency)
Beverley_and_Holderness,https://en.wikipedia.org/wiki/Beverley_and_Holderness_(UK_Parliament_constituency),https://en.wikipedia.org/wiki/Beverley_and_Holderness_(UK_Parliament_constituency)
Bexhill_and_Battle,https://en.wikipedia.org/wiki/Bexhill_and_Battle_(UK_Parliament_constituency),https://en.wikipedia.org/wiki/Bexhill_and_Battle_(UK_Parliament_constituency)
Bexleyheath_and_Crayford,https://en.wikipedia.org/wiki/Bexleyheath_and_Crayford_(UK_Parliament_constituency),https://en.wikipedia.org/wiki/Bexleyheath_and_Crayford_(UK_Parliament_constituency)
Birkenhead,https://en.wikipedia.org/wiki/Birkenhead_(UK_Parliament_constituency),https://en.wikipedia.org/wiki/Birkenhead_(UK_Parliament_constituency)
"Birmingham,_Edgbaston","https://en.wikipedia.org/wiki/Birmingham,_Edgbaston_(UK_Parliament_constituency)","https://en.wikipedia.org/wiki/Birmingham,_Edgbaston_(UK_Parliament_constituency)"
"Birmingham,_Erdington","https://en.wikipedia.org/wiki/Birmingham,_Erdington_(UK_Parliament_constituency)","https://en.wikipedia.org/wiki/Birmingham,_Erdington_(UK_Parliament_constituency)"
"Birmingham,_Hall_Green","https://en.wikipedia.org/wiki/Birmingham,_Hall_Green_(UK_Parliament_constituency)","https://en.wikipedia.org/wiki/Birmingham,_Hall_Green_(UK_Parliament_constituency)"
"Birmingham,_Hodge_Hill","https://en.wikipedia.org/wiki/Birmingham,_Hodge_Hill_(UK_Parliament_constituency)","https://en.wikipedia.org/wiki/Birmingham,_Hodge_Hill_(UK_Parliament_constituency)"
"Birmingham,_Ladywood","https://en.wikipedia.org/wiki/Birmingham,_Ladywood_(UK_Parliament_constituency)","https://en.wikipedia.org/wiki/Birmingham,_Ladywood_(UK_Parliament_constituency)"
"Birmingham,_Northfield","https://en.wikipedia.org/wiki/Birmingham,_Northfield_(UK_Parliament_constituency)","https://en.wikipedia.org/wiki/Birmingham,_Northfield_(UK_Parliament_constituency)"
"Birmingham,_Perry_Barr","https://en.wikipedia.org/wiki/Birmingham,_Perry_Barr_(UK_Parliament_constituency)","https://en.wikipedia.org/wiki/Birmingham,_Perry_Barr_(UK_Parliament_constituency)"
"Birmingham,_Selly_Oak","https://en.wikipedia.org/wiki/Birmingham,_Selly_Oak_(UK_Parliament_constituency)","https://en.wikipedia.org/wiki/Birmingham,_Selly_Oak_(UK_Parliament_constituency)"
"Birmingham,_Yardley","https://en.wikipedia.org/wiki/Birmingham,_Yardley_(UK_Parliament_constituency)","https://en.wikipedia.org/wiki/Birmingham,_Yardley_(UK_Parliament_constituency)"
Bishop_Auckland,https://en.wikipedia.org/wiki/Bishop_Auckland_(UK_Parliament_constituency),https://en.wikipedia.org/wiki/Bishop_Auckland_(UK_Parliament_constituency)
Blackburn,https://en.wikipedia.org/wiki/Blackburn_(UK_Parliament_constituency),https://en.wikipedia.org/wiki/Blackburn_(UK_Parliament_constituency)
Blackley_and_Broughton,https://en.wikipedia.org/wiki/Blackley_and_Broughton_(UK_Parliament_constituency),https://en.wikipedia.org/wiki/Blackley_and_Broughton_(UK_Parliament_constituency)
Blackpool_North_and_Cleveleys,https://en.wikipedia.org/wiki/Blackpool_North_and_Cleveleys_(UK_Parliament_constituency),https://en.wikipedia.org/wiki/Blackpool_North_and_Cleveleys_(UK_Parliament_constituency)
Blackpool_South,https://en.wikipedia.org/wiki/Blackpool_South_(UK_Parliament_constituency),https://en.wikipedia.org/wiki/Blackpool_South_(UK_Parliament_constituency)
Blaydon,https://en.wikipedia.org/wiki/Blaydon_(UK_Parliament_constituency),https://en.wikipedia.org/wiki/Blaydon_(UK_Parliament_constituency)
Blyth_Valley,https://en.wikipedia.org/wiki/Blyth_Valley_(UK_Parliament_constituency),https://en.wikipedia.org/wiki/Blyth_Valley_(UK_Parliament_constituency)
Bognor_Regis_and_Littlehampton,https://en.wikipedia.org/wiki/Bognor_Regis_and_Littlehampton_(UK_Parliament_constituency),https://en.wikipedia.org/wiki/Bognor_Regis_and_Littlehampton_(UK_Parliament_constituency)
Bolsover,https://en.wikipedia.org/wiki/Bolsover_(UK_Parliament_constituency),https://en.wikipedia.org/wiki/Bolsover_(UK_Parliament_constituency)
Bolton_North_East,https://en.wikipedia.org/wiki/Bolton_North_East_(UK_Parliament_constituency),https://en.wikipedia.org/wiki/Bolton_North_East_(UK_Parliament_constituency)
Bolton_South_East,https://en.wikipedia.org/wiki/Bolton_South_East_(UK_Parliament_constituency),https://en.wikipedia.org/wiki/Bolton_South_East_(UK_Parliament_constituency)
Bolton_West,https://en.wikipedia.org/wiki/Bolton_West_(UK_Parliament_constituency),https://en.wikipedia.org/wiki/Bolton_West_(UK_Parliament_constituency)
Bootle,https://en.wikipedia.org/wiki/Bootle_(UK_Parliament_constituency),https://en.wikipedia.org/wiki/Bootle_(UK_Parliament_constituency)
Boston_and_Skegness,https://en.wikipedia.org/wiki/Boston_and_Skegness_(UK_Parliament_constituency),https://en.wikipedia.org/wiki/Boston_and_Skegness_(UK_Parliament_constituency)
Bosworth,https://en.wikipedia.org/wiki/Bosworth_(UK_Parliament_constituency),https://en.wikipedia.org/wiki/Bosworth_(UK_Parliament_constituency)
Bournemouth_East,https://en.wikipedia.org/wiki/Bournemouth_East_(UK_Parliament_constituency),https://en.wikipedia.org/wiki/Bournemouth_East_(UK_Parliament_constituency)
Bournemouth_West,https://en.wikipedia.org/wiki/Bournemouth_West_(UK_Parliament_constituency),https://en.wikipedia.org/wiki/Bournemouth_West_(UK_Parliament_constituency)
Bracknell,https://en.wikipedia.org/wiki/Bracknell_(UK_Parliament_constituency),https://en.wikipedia.org/wiki/Bracknell_(UK_Parliament_constituency)
Bradford_East,https://en.wikipedia.org/wiki/Bradford_East_(UK_Parliament_constituency),https://en.wikipedia.org/wiki/Bradford_East_(UK_Parliament_constituency)
Bradford_South,https://en.wikipedia.org/wiki/Bradford_South_(UK_Parliament_constituency),https://en.wikipedia.org/wiki/Bradford_South_(UK_Parliament_constituency)
Bradford_West,https://en.wikipedia.org/wiki/Bradford_West_(UK_Parliament_constituency),https://en.wikipedia.org/wiki/Bradford_West_(UK_Parliament_constituency)
Braintree,https://en.wikipedia.org/wiki/Braintree_(UK_Parliament_constituency),https://en.wikipedia.org/wiki/Braintree_(UK_Parliament_constituency)
Brent_Central,https://en.wikipedia.org/wiki/Brent_Central_(UK_Parliament_constituency),https://en.wikipedia.org/wiki/Brent_Central_(UK_Parliament_constituency)
Brent_North,https://en.wikipedia.org/wiki/Brent_North_(UK_Parliament_constituency),https://en.wikipedia.org/wiki/Brent_North_(UK_Parliament_constituency)
Brentford_and_Isleworth,https://en.wikipedia.org/wiki/Brentford_and_Isleworth_(UK_Parliament_constituency),https://en.wikipedia.org/wiki/Brentford_and_Isleworth_(UK_Parliament_constituency)
Brentwood_and_Ongar,https://en.wikipedia.org/wiki/Brentwood_and_Ongar_(UK_Parliament_constituency),https://en.wikipedia.org/wiki/Brentwood_and_Ongar_(UK_Parliament_constituency)
Bridgwater_and_West_Somerset,https://en.wikipedia.org/wiki/Bridgwater_and_West_Somerset_(UK_Parliament_constituency),https://en.wikipedia.org/wiki/Bridgwater_and_West_Somerset_(UK_Parliament_constituency)
Brigg_and_Goole,https://en.wikipedia.org/wiki/Brigg_and_Goole_(UK_Parliament_constituency),https://en.wikipedia.org/wiki/Brigg_and_Goole_(UK_Parliament_constituency)
"Brighton,_Kemptown","https://en.wikipedia.org/wiki/Brighton,_Kemptown_(UK_Parliament_constituency)","https://en.wikipedia.org/wiki/Brighton,_Kemptown_(UK_Parliament_constituency)"
"Brighton,_Pavilion","https://en.wikipedia.org/wiki/Brighton,_Pavilion_(UK_Parliament_constituency)","https://en.wikipedia.org/wiki/Brighton,_Pavilion_(UK_Parliament_constituency)"
Bristol_East,https://en.wikipedia.org/wiki/Bristol_East_(UK_Parliament_constituency),https://en.wikipedia.org/wiki/Bristol_East_(UK_Parliament_constituency)
Bristol_North_West,https://en.wikipedia.org/wiki/Bristol_North_West_(UK_Parliament_constituency),https://en.wikipedia.org/wiki/Bristol_North_West_(UK_Parliament_constituency)
Bristol_South,https://en.wikipedia.org/wiki/Bristol_South_(UK_Parliament_constituency),https://en.wikipedia.org/wiki/Bristol_South_(UK_Parliament_constituency)
Bristol_West,https://en.wikipedia.org/wiki/Bristol_West_(UK_Parliament_constituency),https://en.wikipedia.org/wiki/Bristol_West_(UK_Parliament_constituency)
Broadland,https://en.wikipedia.org/wiki/Broadland_(UK_Parliament_constituency),https://en.wikipedia.org/wiki/Broadland_(UK_Parliament_constituency)
Bromley_and_Chislehurst,https://en.wikipedia.org/wiki/Bromley_and_Chislehurst_(UK_Parliament_constituency),https://en.wikipedia.org/wiki/Bromley_and_Chislehurst_(UK_Parliament_constituency)
Bromsgrove,https://en.wikipedia.org/wiki/Bromsgrove_(UK_Parliament_constituency),https://en.wikipedia.org/wiki/Bromsgrove_(UK_Parliament_constituency)
Broxbourne,https://en.wikipedia.org/wiki/Broxbourne_(UK_Parliament_constituency),https://en.wikipedia.org/wiki/Broxbourne_(UK_Parliament_constituency)
Broxtowe,https://en.wikipedia.org/wiki/Broxtowe_(UK_Parliament_constituency),https://en.wikipedia.org/wiki/Broxtowe_(UK_Parliament_constituency)
Buckingham,https://en.wikipedia.org/wiki/Buckingham_(UK_Parliament_constituency),https://en.wikipedia.org/wiki/Buckingham_(UK_Parliament_constituency)
Burnley,https://en.wikipedia.org/wiki/Burnley_(UK_Parliament_constituency),https://en.wikipedia.org/wiki/Burnley_(UK_Parliament_constituency)
Burton,https://en.wikipedia.org/wiki/Burton_(UK_Parliament_constituency),https://en.wikipedia.org/wiki/Burton_(UK_Parliament_constituency)
Bury_North,https://en.wikipedia.org/wiki/Bury_North_(UK_Parliament_constituency),https://en.wikipedia.org/wiki/Bury_North_(UK_Parliament_constituency)
Bury_South,https://en.wikipedia.org/wiki/Bury_South_(UK_Parliament_constituency),https://en.wikipedia.org/wiki/Bury_South_(UK_Parliament_constituency)
Bury_St_Edmunds,https://en.wikipedia.org/wiki/Bury_St_Edmunds_(UK_Parliament_constituency),https://en.wikipedia.org/wiki/Bury_St_Edmunds_(UK_Parliament_constituency)
Calder_Valley,https://en.wikipedia.org/wiki/Calder_Valley_(UK_Parliament_constituency),https://en.wikipedia.org/wiki/Calder_Valley_(UK_Parliament_constituency)
Camberwell_and_Peckham,https://en.wikipedia.org/wiki/Camberwell_and_Peckham_(UK_Parliament_constituency),https://en.wikipedia.org/wiki/Camberwell_and_Peckham_(UK_Parliament_constituency)
Camborne_and_Redruth,https://en.wikipedia.org/wiki/Camborne_and_Redruth_(UK_Parliament_constituency),https://en.wikipedia.org/wiki/Camborne_and_Redruth_(UK_Parliament_constituency)
Cambridge,https://en.wikipedia.org/wiki/Cambridge_(UK_Parliament_constituency),https://en.wikipedia.org/wiki/Cambridge_(UK_Parliament_constituency)
Cannock_Chase,https://en.wikipedia.org/wiki/Cannock_Chase_(UK_Parliament_constituency),https://en.wikipedia.org/wiki/Cannock_Chase_(UK_Parliament_constituency)
Canterbury,https://en.wikipedia.org/wiki/Canterbury_(UK_Parliament_constituency),https://en.wikipedia.org/wiki/Canterbury_(UK_Parliament_constituency)
Carlisle,https://en.wikipedia.org/wiki/Carlisle_(UK_Parliament_constituency),https://en.wikipedia.org/wiki/Carlisle_(UK_Parliament_constituency)
Carshalton_and_Wallington,https://en.wikipedia.org/wiki/Carshalton_and_Wallington_(UK_Parliament_constituency),https://en.wikipedia.org/wiki/Carshalton_and_Wallington_(UK_Parliament_constituency)
Castle_Point,https://en.wikipedia.org/wiki/Castle_Point_(UK_Parliament_constituency),https://en.wikipedia.org/wiki/Castle_Point_(UK_Parliament_constituency)
Central_Devon,https://en.wikipedia.org/wiki/Central_Devon_(UK_Parliament_constituency),https://en.wikipedia.org/wiki/Central_Devon_(UK_Parliament_constituency)
Central_Suffolk_and_North_Ipswich,https://en.wikipedia.org/wiki/Central_Suffolk_and_North_Ipswich_(UK_Parliament_constituency),https://en.wikipedia.org/wiki/Central_Suffolk_and_North_Ipswich_(UK_Parliament_constituency)
Charnwood,https://en.wikipedia.org/wiki/Charnwood_(UK_Parliament_constituency),https://en.wikipedia.org/wiki/Charnwood_(UK_Parliament_constituency)
Chatham_and_Aylesford,https://en.wikipedia.org/wiki/Chatham_and_Aylesford_(UK_Parliament_constituency),https://en.wikipedia.org/wiki/Chatham_and_Aylesford_(UK_Parliament_constituency)
Cheadle,https://en.wikipedia.org/wiki/Cheadle_(UK_Parliament_constituency),https://en.wikipedia.org/wiki/Cheadle_(UK_Parliament_constituency)
Chelmsford,https://en.wikipedia.org/wiki/Chelmsford_(UK_Parliament_constituency),https://en.wikipedia.org/wiki/Chelmsford_(UK_Parliament_constituency)
Chelsea_and_Fulham,https://en.wikipedia.org/wiki/Chelsea_and_Fulham_(UK_Parliament_constituency),https://en.wikipedia.org/wiki/Chelsea_and_Fulham_(UK_Parliament_constituency)
Cheltenham,https://en.wikipedia.org/wiki/Cheltenham_(UK_Parliament_constituency),https://en.wikipedia.org/wiki/Cheltenham_(UK_Parliament_constituency)
Chesham_and_Amersham,https://en.wikipedia.org/wiki/Chesham_and_Amersham_(UK_Parliament_constituency),https://en.wikipedia.org/wiki/Chesham_and_Amersham_(UK_Parliament_constituency)
Chesterfield,https://en.wikipedia.org/wiki/Chesterfield_(UK_Parliament_constituency),https://en.wikipedia.org/wiki/Chesterfield_(UK_Parliament_constituency)
Chichester,https://en.wikipedia.org/wiki/Chichester_(UK_Parliament_constituency),https://en.wikipedia.org/wiki/Chichester_(UK_Parliament_constituency)
Chingford_and_Woodford_Green,https://en.wikipedia.org/wiki/Chingford_and_Woodford_Green_(UK_Parliament_constituency),https://en.wikipedia.org/wiki/Chingford_and_Woodford_Green_(UK_Parliament_constituency)
Chippenham,https://en.wikipedia.org/wiki/Chippenham_(UK_Parliament_constituency),https://en.wikipedia.org/wiki/Chippenham_(UK_Parliament_constituency)
Chipping_Barnet,https://en.wikipedia.org/wiki/Chipping_Barnet_(UK_Parliament_constituency),https://en.wikipedia.org/wiki/Chipping_Barnet_(UK_Parliament_constituency)
Chorley,https://en.wikipedia.org/wiki/Chorley_(UK_Parliament_constituency),https://en.wikipedia.org/wiki/Chorley_(UK_Parliament_constituency)
Christchurch,https://en.wikipedia.org/wiki/Christchurch_(UK_Parliament_constituency),https://en.wikipedia.org/wiki/Christchurch_(UK_Parliament_constituency)
Cities_of_London_and_Westminster,https://en.wikipedia.org/wiki/Cities_of_London_and_Westminster_(UK_Parliament_constituency),https://en.wikipedia.org/wiki/Cities_of_London_and_Westminster_(UK_Parliament_constituency)
City_of_Chester,https://en.wikipedia.org/wiki/City_of_Chester_(UK_Parliament_constituency),https://en.wikipedia.org/wiki/City_of_Chester_(UK_Parliament_constituency)
City_of_Durham,https://en.wikipedia.org/wiki/City_of_Durham_(UK_Parliament_constituency),https://en.wikipedia.org/wiki/City_of_Durham_(UK_Parliament_constituency)
Clacton,https://en.wikipedia.org/wiki/Clacton_(UK_Parliament_constituency),https://en.wikipedia.org/wiki/Clacton_(UK_Parliament_constituency)
Cleethorpes,https://en.wikipedia.org/wiki/Cleethorpes_(UK_Parliament_constituency),https://en.wikipedia.org/wiki/Cleethorpes_(UK_Parliament_constituency)
Colchester,https://en.wikipedia.org/wiki/Colchester_(UK_Parliament_constituency),https://en.wikipedia.org/wiki/Colchester_(UK_Parliament_constituency)
Colne_Valley,https://en.wikipedia.org/wiki/Colne_Valley_(UK_Parliament_constituency),https://en.wikipedia.org/wiki/Colne_Valley_(UK_Parliament_constituency)
Congleton,https://en.wikipedia.org/wiki/Congleton_(UK_Parliament_constituency),https://en.wikipedia.org/wiki/Congleton_(UK_Parliament_constituency)
Copeland,https://en.wikipedia.org/wiki/Copeland_(UK_Parliament_constituency),https://en.wikipedia.org/wiki/Copeland_(UK_Parliament_constituency)
Corby,https://en.wikipedia.org/wiki/Corby_(UK_Parliament_constituency),https://en.wikipedia.org/wiki/Corby_(UK_Parliament_constituency)
Coventry_North_East,https://en.wikipedia.org/wiki/Coventry_North_East_(UK_Parliament_constituency),https://en.wikipedia.org/wiki/Coventry_North_East_(UK_Parliament_constituency)
Coventry_North_West,https://en.wikipedia.org/wiki/Coventry_North_West_(UK_Parliament_constituency),https://en.wikipedia.org/wiki/Coventry_North_West_(UK_Parliament_constituency)
Coventry_South,https://en.wikipedia.org/wiki/Coventry_South_(UK_Parliament_constituency),https://en.wikipedia.org/wiki/Coventry_South_(UK_Parliament_constituency)
Crawley,https://en.wikipedia.org/wiki/Crawley_(UK_Parliament_constituency),https://en.wikipedia.org/wiki/Crawley_(UK_Parliament_constituency)
Crewe_and_Nantwich,https://en.wikipedia.org/wiki/Crewe_and_Nantwich_(UK_Parliament_constituency),https://en.wikipedia.org/wiki/Crewe_and_Nantwich_(UK_Parliament_constituency)
Croydon_Central,https://en.wikipedia.org/wiki/Croydon_Central_(UK_Parliament_constituency),https://en.wikipedia.org/wiki/Croydon_Central_(UK_Parliament_constituency)
Croydon_North,https://en.wikipedia.org/wiki/Croydon_North_(UK_Parliament_constituency),https://en.wikipedia.org/wiki/Croydon_North_(UK_Parliament_constituency)
Croydon_South,https://en.wikipedia.org/wiki/Croydon_South_(UK_Parliament_constituency),https://en.wikipedia.org/wiki/Croydon_South_(UK_Parliament_constituency)
Dagenham_and_Rainham,https://en.wikipedia.org/wiki/Dagenham_and_Rainham_(UK_Parliament_constituency),https://en.wikipedia.org/wiki/Dagenham_and_Rainham_(UK_Parliament_constituency)
Darlington,https://en.wikipedia.org/wiki/Darlington_(UK_Parliament_constituency),https://en.wikipedia.org/wiki/Darlington_(UK_Parliament_constituency)
Dartford,https://en.wikipedia.org/wiki/Dartford_(UK_Parliament_constituency),https://en.wikipedia.org/wiki/Dartford_(UK_Parliament_constituency)
Daventry,https://en.wikipedia.org/wiki/Daventry_(UK_Parliament_constituency),https://en.wikipedia.org/wiki/Daventry_(UK_Parliament_constituency)
Denton_and_Reddish,https://en.wikipedia.org/wiki/Denton_and_Reddish_(UK_Parliament_constituency),https://en.wikipedia.org/wiki/Denton_and_Reddish_(UK_Parliament_constituency)
Derby_North,https://en.wikipedia.org/wiki/Derby_North_(UK_Parliament_constituency),https://en.wikipedia.org/wiki/Derby_North_(UK_Parliament_constituency)
Derby_South,https://en.wikipedia.org/wiki/Derby_South_(UK_Parliament_constituency),https://en.wikipedia.org/wiki/Derby_South_(UK_Parliament_constituency)
Derbyshire_Dales,https://en.wikipedia.org/wiki/Derbyshire_Dales_(UK_Parliament_constituency),https://en.wikipedia.org/wiki/Derbyshire_Dales_(UK_Parliament_constituency)
Devizes,https://en.wikipedia.org/wiki/Devizes_(UK_Parliament_constituency),https://en.wikipedia.org/wiki/Devizes_(UK_Parliament_constituency)
Dewsbury,https://en.wikipedia.org/wiki/Dewsbury_(UK_Parliament_constituency),https://en.wikipedia.org/wiki/Dewsbury_(UK_Parliament_constituency)
Don_Valley,https://en.wikipedia.org/wiki/Don_Valley_(UK_Parliament_constituency),https://en.wikipedia.org/wiki/Don_Valley_(UK_Parliament_constituency)
Doncaster_Central,https://en.wikipedia.org/wiki/Doncaster_Central_(UK_Parliament_constituency),https://en.wikipedia.org/wiki/Doncaster_Central_(UK_Parliament_constituency)
Doncaster_North,https://en.wikipedia.org/wiki/Doncaster_North_(UK_Parliament_constituency),https://en.wikipedia.org/wiki/Doncaster_North_(UK_Parliament_constituency)
Dover,https://en.wikipedia.org/wiki/Dover_(UK_Parliament_constituency),https://en.wikipedia.org/wiki/Dover_(UK_Parliament_constituency)
Dudley_North,https://en.wikipedia.org/wiki/Dudley_North_(UK_Parliament_constituency),https://en.wikipedia.org/wiki/Dudley_North_(UK_Parliament_constituency)
Dudley_South,https://en.wikipedia.org/wiki/Dudley_South_(UK_Parliament_constituency),https://en.wikipedia.org/wiki/Dudley_South_(UK_Parliament_constituency)
Dulwich_and_West_Norwood,https://en.wikipedia.org/wiki/Dulwich_and_West_Norwood_(UK_Parliament_constituency),https://en.wikipedia.org/wiki/Dulwich_and_West_Norwood_(UK_Parliament_constituency)
Ealing_Central_and_Acton,https://en.wikipedia.org/wiki/Ealing_Central_and_Acton_(UK_Parliament_constituency),https://en.wikipedia.org/wiki/Ealing_Central_and_Acton_(UK_Parliament_constituency)
Ealing_North,https://en.wikipedia.org/wiki/Ealing_North_(UK_Parliament_constituency),https://en.wikipedia.org/wiki/Ealing_North_(UK_Parliament_constituency)
"Ealing,_Southall","https://en.wikipedia.org/wiki/Ealing,_Southall_(UK_Parliament_constituency)","https://en.wikipedia.org/wiki/Ealing,_Southall_(UK_Parliament_constituency)"
Easington,https://en.wikipedia.org/wiki/Easington_(UK_Parliament_constituency),https://en.wikipedia.org/wiki/Easington_(UK_Parliament_constituency)
East_Devon,https://en.wikipedia.org/wiki/East_Devon_(UK_Parliament_constituency),https://en.wikipedia.org/wiki/East_Devon_(UK_Parliament_constituency)
East_Ham,https://en.wikipedia.org/wiki/East_Ham_(UK_Parliament_constituency),https://en.wikipedia.org/wiki/East_Ham_(UK_Parliament_constituency)
East_Hampshire,https://en.wikipedia.org/wiki/East_Hampshire_(UK_Parliament_constituency),https://en.wikipedia.org/wiki/East_Hampshire_(UK_Parliament_constituency)
East_Surrey,https://en.wikipedia.org/wiki/East_Surrey_(UK_Parliament_constituency),https://en.wikipedia.org/wiki/East_Surrey_(UK_Parliament_constituency)
East_Worthing_and_Shoreham,https://en.wikipedia.org/wiki/East_Worthing_and_Shoreham_(UK_Parliament_constituency),https://en.wikipedia.org/wiki/East_Worthing_and_Shoreham_(UK_Parliament_constituency)
East_Yorkshire,https://en.wikipedia.org/wiki/East_Yorkshire_(UK_Parliament_constituency),https://en.wikipedia.org/wiki/East_Yorkshire_(UK_Parliament_constituency)
Eastbourne,https://en.wikipedia.org/wiki/Eastbourne_(UK_Parliament_constituency),https://en.wikipedia.org/wiki/Eastbourne_(UK_Parliament_constituency)
Eastleigh,https://en.wikipedia.org/wiki/Eastleigh_(UK_Parliament_constituency),https://en.wikipedia.org/wiki/Eastleigh_(UK_Parliament_constituency)
Eddisbury,https://en.wikipedia.org/wiki/Eddisbury_(UK_Parliament_constituency),https://en.wikipedia.org/wiki/Eddisbury_(UK_Parliament_constituency)
Edmonton,https://en.wikipedia.org/wiki/Edmonton_(UK_Parliament_constituency),https://en.wikipedia.org/wiki/Edmonton_(UK_Parliament_constituency)
Ellesmere_Port_and_Neston,https://en.wikipedia.org/wiki/Ellesmere_Port_and_Neston_(UK_Parliament_constituency),https://en.wikipedia.org/wiki/Ellesmere_Port_and_Neston_(UK_Parliament_constituency)
Elmet_and_Rothwell,https://en.wikipedia.org/wiki/Elmet_and_Rothwell_(UK_Parliament_constituency),https://en.wikipedia.org/wiki/Elmet_and_Rothwell_(UK_Parliament_constituency)
Eltham,https://en.wikipedia.org/wiki/Eltham_(UK_Parliament_constituency),https://en.wikipedia.org/wiki/Eltham_(UK_Parliament_constituency)
Enfield_North,https://en.wikipedia.org/wiki/Enfield_North_(UK_Parliament_constituency),https://en.wikipedia.org/wiki/Enfield_North_(UK_Parliament_constituency)
"Enfield,_Southgate","https://en.wikipedia.org/wiki/Enfield,_Southgate_(UK_Parliament_constituency)","https://en.wikipedia.org/wiki/Enfield,_Southgate_(UK_Parliament_constituency)"
Epping_Forest,https://en.wikipedia.org/wiki/Epping_Forest_(UK_Parliament_constituency),https://en.wikipedia.org/wiki/Epping_Forest_(UK_Parliament_constituency)
Epsom_and_Ewell,https://en.wikipedia.org/wiki/Epsom_and_Ewell_(UK_Parliament_constituency),https://en.wikipedia.org/wiki/Epsom_and_Ewell_(UK_Parliament_constituency)
Erewash,https://en.wikipedia.org/wiki/Erewash_(UK_Parliament_constituency),https://en.wikipedia.org/wiki/Erewash_(UK_Parliament_constituency)
Erith_and_Thamesmead,https://en.wikipedia.org/wiki/Erith_and_Thamesmead_(UK_Parliament_constituency),https://en.wikipedia.org/wiki/Erith_and_Thamesmead_(UK_Parliament_constituency)
Esher_and_Walton,https://en.wikipedia.org/wiki/Esher_and_Walton_(UK_Parliament_constituency),https://en.wikipedia.org/wiki/Esher_and_Walton_(UK_Parliament_constituency)
Exeter,https://en.wikipedia.org/wiki/Exeter_(UK_Parliament_constituency),https://en.wikipedia.org/wiki/Exeter_(UK_Parliament_constituency)
Fareham,https://en.wikipedia.org/wiki/Fareham_(UK_Parliament_constituency),https://en.wikipedia.org/wiki/Fareham_(UK_Parliament_constituency)
Faversham_and_Mid_Kent,https://en.wikipedia.org/wiki/Faversham_and_Mid_Kent_(UK_Parliament_constituency),https://en.wikipedia.org/wiki/Faversham_and_Mid_Kent_(UK_Parliament_constituency)
Feltham_and_Heston,https://en.wikipedia.org/wiki/Feltham_and_Heston_(UK_Parliament_constituency),https://en.wikipedia.org/wiki/Feltham_and_Heston_(UK_Parliament_constituency)
Filton_and_Bradley_Stoke,https://en.wikipedia.org/wiki/Filton_and_Bradley_Stoke_(UK_Parliament_constituency),https://en.wikipedia.org/wiki/Filton_and_Bradley_Stoke_(UK_Parliament_constituency)
Finchley_and_Golders_Green,https://en.wikipedia.org/wiki/Finchley_and_Golders_Green_(UK_Parliament_constituency),https://en.wikipedia.org/wiki/Finchley_and_Golders_Green_(UK_Parliament_constituency)
Folkestone_and_Hythe,https://en.wikipedia.org/wiki/Folkestone_and_Hythe_(UK_Parliament_constituency),https://en.wikipedia.org/wiki/Folkestone_and_Hythe_(UK_Parliament_constituency)
Forest_of_Dean,https://en.wikipedia.org/wiki/Forest_of_Dean_(UK_Parliament_constituency),https://en.wikipedia.org/wiki/Forest_of_Dean_(UK_Parliament_constituency)
Fylde,https://en.wikipedia.org/wiki/Fylde_(UK_Parliament_constituency),https://en.wikipedia.org/wiki/Fylde_(UK_Parliament_constituency)
Gainsborough,https://en.wikipedia.org/wiki/Gainsborough_(UK_Parliament_constituency),https://en.wikipedia.org/wiki/Gainsborough_(UK_Parliament_constituency)
Garston_and_Halewood,https://en.wikipedia.org/wiki/Garston_and_Halewood_(UK_Parliament_constituency),https://en.wikipedia.org/wiki/Garston_and_Halewood_(UK_Parliament_constituency)
Gateshead,https://en.wikipedia.org/wiki/Gateshead_(UK_Parliament_constituency),https://en.wikipedia.org/wiki/Gateshead_(UK_Parliament_constituency)
Gedling,https://en.wikipedia.org/wiki/Gedling_(UK_Parliament_constituency),https://en.wikipedia.org/wiki/Gedling_(UK_Parliament_constituency)
Gillingham_and_Rainham,https://en.wikipedia.org/wiki/Gillingham_and_Rainham_(UK_Parliament_constituency),https://en.wikipedia.org/wiki/Gillingham_and_Rainham_(UK_Parliament_constituency)
Gloucester,https://en.wikipedia.org/wiki/Gloucester_(UK_Parliament_constituency),https://en.wikipedia.org/wiki/Gloucester_(UK_Parliament_constituency)
Gosport,https://en.wikipedia.org/wiki/Gosport_(UK_Parliament_constituency),https://en.wikipedia.org/wiki/Gosport_(UK_Parliament_constituency)
Grantham_and_Stamford,https://en.wikipedia.org/wiki/Grantham_and_Stamford_(UK_Parliament_constituency),https://en.wikipedia.org/wiki/Grantham_and_Stamford_(UK_Parliament_constituency)
Gravesham,https://en.wikipedia.org/wiki/Gravesham_(UK_Parliament_constituency),https://en.wikipedia.org/wiki/Gravesham_(UK_Parliament_constituency)
Great_Grimsby,https://en.wikipedia.org/wiki/Great_Grimsby_(UK_Parliament_constituency),https://en.wikipedia.org/wiki/Great_Grimsby_(UK_Parliament_constituency)
Great_Yarmouth,https://en.wikipedia.org/wiki/Great_Yarmouth_(UK_Parliament_constituency),https://en.wikipedia.org/wiki/Great_Yarmouth_(UK_Parliament_constituency)
Greenwich_and_Woolwich,https://en.wikipedia.org/wiki/Greenwich_and_Woolwich_(UK_Parliament_constituency),https://en.wikipedia.org/wiki/Greenwich_and_Woolwich_(UK_Parliament_constituency)
Guildford,https://en.wikipedia.org/wiki/Guildford_(UK_Parliament_constituency),https://en.wikipedia.org/wiki/Guildford_(UK_Parliament_constituency)
Hackney_North_and_Stoke_Newington,https://en.wikipedia.org/wiki/Hackney_North_and_Stoke_Newington_(UK_Parliament_constituency),https://en.wikipedia.org/wiki/Hackney_North_and_Stoke_Newington_(UK_Parliament_constituency)
Hackney_South_and_Shoreditch,https://en.wikipedia.org/wiki/Hackney_South_and_Shoreditch_(UK_Parliament_constituency),https://en.wikipedia.org/wiki/Hackney_South_and_Shoreditch_(UK_Parliament_constituency)
Halesowen_and_Rowley_Regis,https://en.wikipedia.org/wiki/Halesowen_and_Rowley_Regis_(UK_Parliament_constituency),https://en.wikipedia.org/wiki/Halesowen_and_Rowley_Regis_(UK_Parliament_constituency)
Halifax,https://en.wikipedia.org/wiki/Halifax_(UK_Parliament_constituency),https://en.wikipedia.org/wiki/Halifax_(UK_Parliament_constituency)
Haltemprice_and_Howden,https://en.wikipedia.org/wiki/Haltemprice_and_Howden_(UK_Parliament_constituency),https://en.wikipedia.org/wiki/Haltemprice_and_Howden_(UK_Parliament_constituency)
Halton,https://en.wikipedia.org/wiki/Halton_(UK_Parliament_constituency),https://en.wikipedia.org/wiki/Halton_(UK_Parliament_constituency)
Hammersmith,https://en.wikipedia.org/wiki/Hammersmith_(UK_Parliament_constituency),https://en.wikipedia.org/wiki/Hammersmith_(UK_Parliament_constituency)
Hampstead_and_Kilburn,https://en.wikipedia.org/wiki/Hampstead_and_Kilburn_(UK_Parliament_constituency),https://en.wikipedia.org/wiki/Hampstead_and_Kilburn_(UK_Parliament_constituency)
Harborough,https://en.wikipedia.org/wiki/Harborough_(UK_Parliament_constituency),https://en.wikipedia.org/wiki/Harborough_(UK_Parliament_constituency)
Harlow,https://en.wikipedia.org/wiki/Harlow_(UK_Parliament_constituency),https://en.wikipedia.org/wiki/Harlow_(UK_Parliament_constituency)
Harrogate_and_Knaresborough,https://en.wikipedia.org/wiki/Harrogate_and_Knaresborough_(UK_Parliament_constituency),https://en.wikipedia.org/wiki/Harrogate_and_Knaresborough_(UK_Parliament_constituency)
Harrow_East,https://en.wikipedia.org/wiki/Harrow_East_(UK_Parliament_constituency),https://en.wikipedia.org/wiki/Harrow_East_(UK_Parliament_constituency)
Harrow_West,https://en.wikipedia.org/wiki/Harrow_West_(UK_Parliament_constituency),https://en.wikipedia.org/wiki/Harrow_West_(UK_Parliament_constituency)
Hartlepool,https://en.wikipedia.org/wiki/Hartlepool_(UK_Parliament_constituency),https://en.wikipedia.org/wiki/Hartlepool_(UK_Parliament_constituency)
Harwich_and_North_Essex,https://en.wikipedia.org/wiki/Harwich_and_North_Essex_(UK_Parliament_constituency),https://en.wikipedia.org/wiki/Harwich_and_North_Essex_(UK_Parliament_constituency)
Hastings_and_Rye,https://en.wikipedia.org/wiki/Hastings_and_Rye_(UK_Parliament_constituency),https://en.wikipedia.org/wiki/Hastings_and_Rye_(UK_Parliament_constituency)
Havant,https://en.wikipedia.org/wiki/Havant_(UK_Parliament_constituency),https://en.wikipedia.org/wiki/Havant_(UK_Parliament_constituency)
Hayes_and_Harlington,https://en.wikipedia.org/wiki/Hayes_and_Harlington_(UK_Parliament_constituency),https://en.wikipedia.org/wiki/Hayes_and_Harlington_(UK_Parliament_constituency)
Hazel_Grove,https://en.wikipedia.org/wiki/Hazel_Grove_(UK_Parliament_constituency),https://en.wikipedia.org/wiki/Hazel_Grove_(UK_Parliament_constituency)
Hemel_Hempstead,https://en.wikipedia.org/wiki/Hemel_Hempstead_(UK_Parliament_constituency),https://en.wikipedia.org/wiki/Hemel_Hempstead_(UK_Parliament_constituency)
Hemsworth,https://en.wikipedia.org/wiki/Hemsworth_(UK_Parliament_constituency),https://en.wikipedia.org/wiki/Hemsworth_(UK_Parliament_constituency)
Hendon,https://en.wikipedia.org/wiki/Hendon_(UK_Parliament_constituency),https://en.wikipedia.org/wiki/Hendon_(UK_Parliament_constituency)
Henley,https://en.wikipedia.org/wiki/Henley_(UK_Parliament_constituency),https://en.wikipedia.org/wiki/Henley_(UK_Parliament_constituency)
Hereford_and_South_Herefordshire,https://en.wikipedia.org/wiki/Hereford_and_South_Herefordshire_(UK_Parliament_constituency),https://en.wikipedia.org/wiki/Hereford_and_South_Herefordshire_(UK_Parliament_constituency)
Hertford_and_Stortford,https://en.wikipedia.org/wiki/Hertford_and_Stortford_(UK_Parliament_constituency),https://en.wikipedia.org/wiki/Hertford_and_Stortford_(UK_Parliament_constituency)
Hertsmere,https://en.wikipedia.org/wiki/Hertsmere_(UK_Parliament_constituency),https://en.wikipedia.org/wiki/Hertsmere_(UK_Parliament_constituency)
Hexham,https://en.wikipedia.org/wiki/Hexham_(UK_Parliament_constituency),https://en.wikipedia.org/wiki/Hexham_(UK_Parliament_constituency)
Heywood_and_Middleton,https://en.wikipedia.org/wiki/Heywood_and_Middleton_(UK_Parliament_constituency),https://en.wikipedia.org/wiki/Heywood_and_Middleton_(UK_Parliament_constituency)
High_Peak,https://en.wikipedia.org/wiki/High_Peak_(UK_Parliament_constituency),https://en.wikipedia.org/wiki/High_Peak_(UK_Parliament_constituency)
Hitchin_and_Harpenden,https://en.wikipedia.org/wiki/Hitchin_and_Harpenden_(UK_Parliament_constituency),https://en.wikipedia.org/wiki/Hitchin_and_Harpenden_(UK_Parliament_constituency)
Holborn_and_St_Pancras,https://en.wikipedia.org/wiki/Holborn_and_St_Pancras_(UK_Parliament_constituency),https://en.wikipedia.org/wiki/Holborn_and_St_Pancras_(UK_Parliament_constituency)
Hornchurch_and_Upminster,https://en.wikipedia.org/wiki/Hornchurch_and_Upminster_(UK_Parliament_constituency),https://en.wikipedia.org/wiki/Hornchurch_and_Upminster_(UK_Parliament_constituency)
Hornsey_and_Wood_Green,https://en.wikipedia.org/wiki/Hornsey_and_Wood_Green_(UK_Parliament_constituency),https://en.wikipedia.org/wiki/Hornsey_and_Wood_Green_(UK_Parliament_constituency)
Horsham,https://en.wikipedia.org/wiki/Horsham_(UK_Parliament_constituency),https://en.wikipedia.org/wiki/Horsham_(UK_Parliament_constituency)
Houghton_and_Sunderland_South,https://en.wikipedia.org/wiki/Houghton_and_Sunderland_South_(UK_Parliament_constituency),https://en.wikipedia.org/wiki/Houghton_and_Sunderland_South_(UK_Parliament_constituency)
Hove,https://en.wikipedia.org/wiki/Hove_(UK_Parliament_constituency),https://en.wikipedia.org/wiki/Hove_(UK_Parliament_constituency)
Huddersfield,https://en.wikipedia.org/wiki/Huddersfield_(UK_Parliament_constituency),https://en.wikipedia.org/wiki/Huddersfield_(UK_Parliament_constituency)
Huntingdon,https://en.wikipedia.org/wiki/Huntingdon_(UK_Parliament_constituency),https://en.wikipedia.org/wiki/Huntingdon_(UK_Parliament_constituency)
Hyndburn,https://en.wikipedia.org/wiki/Hyndburn_(UK_Parliament_constituency),https://en.wikipedia.org/wiki/Hyndburn_(UK_Parliament_constituency)
Ilford_North,https://en.wikipedia.org/wiki/Ilford_North_(UK_Parliament_constituency),https://en.wikipedia.org/wiki/Ilford_North_(UK_Parliament_constituency)
Ilford_South,https://en.wikipedia.org/wiki/Ilford_South_(UK_Parliament_constituency),https://en.wikipedia.org/wiki/Ilford_South_(UK_Parliament_constituency)
Ipswich,https://en.wikipedia.org/wiki/Ipswich_(UK_Parliament_constituency),https://en.wikipedia.org/wiki/Ipswich_(UK_Parliament_constituency)
Isle_of_Wight,https://en.wikipedia.org/wiki/Isle_of_Wight_(UK_Parliament_constituency),https://en.wikipedia.org/wiki/Isle_of_Wight_(UK_Parliament_constituency)
Islington_North,https://en.wikipedia.org/wiki/Islington_North_(UK_Parliament_constituency),https://en.wikipedia.org/wiki/Islington_North_(UK_Parliament_constituency)
Islington_South_and_Finsbury,https://en.wikipedia.org/wiki/Islington_South_and_Finsbury_(UK_Parliament_constituency),https://en.wikipedia.org/wiki/Islington_South_and_Finsbury_(UK_Parliament_constituency)
Jarrow,https://en.wikipedia.org/wiki/Jarrow_(UK_Parliament_constituency),https://en.wikipedia.org/wiki/Jarrow_(UK_Parliament_constituency)
Keighley,https://en.wikipedia.org/wiki/Keighley_(UK_Parliament_constituency),https://en.wikipedia.org/wiki/Keighley_(UK_Parliament_constituency)
Kenilworth_and_Southam,https://en.wikipedia.org/wiki/Kenilworth_and_Southam_(UK_Parliament_constituency),https://en.wikipedia.org/wiki/Kenilworth_and_Southam_(UK_Parliament_constituency)
Kensington,https://en.wikipedia.org/wiki/Kensington_(UK_Parliament_constituency),https://en.wikipedia.org/wiki/Kensington_(UK_Parliament_constituency)
Kettering,https://en.wikipedia.org/wiki/Kettering_(UK_Parliament_constituency),https://en.wikipedia.org/wiki/Kettering_(UK_Parliament_constituency)
Kingston_and_Surbiton,https://en.wikipedia.org/wiki/Kingston_and_Surbiton_(UK_Parliament_constituency),https://en.wikipedia.org/wiki/Kingston_and_Surbiton_(UK_Parliament_constituency)
Kingston_upon_Hull_East,https://en.wikipedia.org/wiki/Kingston_upon_Hull_East_(UK_Parliament_constituency),https://en.wikipedia.org/wiki/Kingston_upon_Hull_East_(UK_Parliament_constituency)
Kingston_upon_Hull_North,https://en.wikipedia.org/wiki/Kingston_upon_Hull_North_(UK_Parliament_constituency),https://en.wikipedia.org/wiki/Kingston_upon_Hull_North_(UK_Parliament_constituency)
Kingston_upon_Hull_West_and_Hessle,https://en.wikipedia.org/wiki/Kingston_upon_Hull_West_and_Hessle_(UK_Parliament_constituency),https://en.wikipedia.org/wiki/Kingston_upon_Hull_West_and_Hessle_(UK_Parliament_constituency)
Kingswood,https://en.wikipedia.org/wiki/Kingswood_(UK_Parliament_constituency),https://en.wikipedia.org/wiki/Kingswood_(UK_Parliament_constituency)
Knowsley,https://en.wikipedia.org/wiki/Knowsley_(UK_Parliament_constituency),https://en.wikipedia.org/wiki/Knowsley_(UK_Parliament_constituency)
Lancaster_and_Fleetwood,https://en.wikipedia.org/wiki/Lancaster_and_Fleetwood_(UK_Parliament_constituency),https://en.wikipedia.org/wiki/Lancaster_and_Fleetwood_(UK_Parliament_constituency)
Leeds_Central,https://en.wikipedia.org/wiki/Leeds_Central_(UK_Parliament_constituency),https://en.wikipedia.org/wiki/Leeds_Central_(UK_Parliament_constituency)
Leeds_East,https://en.wikipedia.org/wiki/Leeds_East_(UK_Parliament_constituency),https://en.wikipedia.org/wiki/Leeds_East_(UK_Parliament_constituency)
Leeds_North_East,https://en.wikipedia.org/wiki/Leeds_North_East_(UK_Parliament_constituency),https://en.wikipedia.org/wiki/Leeds_North_East_(UK_Parliament_constituency)
Leeds_North_West,https://en.wikipedia.org/wiki/Leeds_North_West_(UK_Parliament_constituency),https://en.wikipedia.org/wiki/Leeds_North_West_(UK_Parliament_constituency)
Leeds_West,https://en.wikipedia.org/wiki/Leeds_West_(UK_Parliament_constituency),https://en.wikipedia.org/wiki/Leeds_West_(UK_Parliament_constituency)
Leicester_East,https://en.wikipedia.org/wiki/Leicester_East_(UK_Parliament_constituency),https://en.wikipedia.org/wiki/Leicester_East_(UK_Parliament_constituency)
Leicester_South,https://en.wikipedia.org/wiki/Leicester_South_(UK_Parliament_constituency),https://en.wikipedia.org/wiki/Leicester_South_(UK_Parliament_constituency)
Leicester_West,https://en.wikipedia.org/wiki/Leicester_West_(UK_Parliament_constituency),https://en.wikipedia.org/wiki/Leicester_West_(UK_Parliament_constituency)
Leigh,https://en.wikipedia.org/wiki/Leigh_(UK_Parliament_constituency),https://en.wikipedia.org/wiki/Leigh_(UK_Parliament_constituency)
Lewes,https://en.wikipedia.org/wiki/Lewes_(UK_Parliament_constituency),https://en.wikipedia.org/wiki/Lewes_(UK_Parliament_constituency)
"Lewisham,_Deptford","https://en.wikipedia.org/wiki/Lewisham,_Deptford_(UK_Parliament_constituency)","https://en.wikipedia.org/wiki/Lewisham,_Deptford_(UK_Parliament_constituency)"
Lewisham_East,https://en.wikipedia.org/wiki/Lewisham_East_(UK_Parliament_constituency),https://en.wikipedia.org/wiki/Lewisham_East_(UK_Parliament_constituency)
Lewisham_West_and_Penge,https://en.wikipedia.org/wiki/Lewisham_West_and_Penge_(UK_Parliament_constituency),https://en.wikipedia.org/wiki/Lewisham_West_and_Penge_(UK_Parliament_constituency)
Leyton_and_Wanstead,https://en.wikipedia.org/wiki/Leyton_and_Wanstead_(UK_Parliament_constituency),https://en.wikipedia.org/wiki/Leyton_and_Wanstead_(UK_Parliament_constituency)
Lichfield,https://en.wikipedia.org/wiki/Lichfield_(UK_Parliament_constituency),https://en.wikipedia.org/wiki/Lichfield_(UK_Parliament_constituency)
Lincoln,https://en.wikipedia.org/wiki/Lincoln_(UK_Parliament_constituency),https://en.wikipedia.org/wiki/Lincoln_(UK_Parliament_constituency)
"Liverpool,_Riverside","https://en.wikipedia.org/wiki/Liverpool,_Riverside_(UK_Parliament_constituency)","https://en.wikipedia.org/wiki/Liverpool,_Riverside_(UK_Parliament_constituency)"
"Liverpool,_Walton","https://en.wikipedia.org/wiki/Liverpool,_Walton_(UK_Parliament_constituency)","https://en.wikipedia.org/wiki/Liverpool,_Walton_(UK_Parliament_constituency)"
"Liverpool,_Wavertree","https://en.wikipedia.org/wiki/Liverpool,_Wavertree_(UK_Parliament_constituency)","https://en.wikipedia.org/wiki/Liverpool,_Wavertree_(UK_Parliament_constituency)"
"Liverpool,_West_Derby","https://en.wikipedia.org/wiki/Liverpool,_West_Derby_(UK_Parliament_constituency)","https://en.wikipedia.org/wiki/Liverpool,_West_Derby_(UK_Parliament_constituency)"
Loughborough,https://en.wikipedia.org/wiki/Loughborough_(UK_Parliament_constituency),https://en.wikipedia.org/wiki/Loughborough_(UK_Parliament_constituency)
Louth_and_Horncastle,https://en.wikipedia.org/wiki/Louth_and_Horncastle_(UK_Parliament_constituency),https://en.wikipedia.org/wiki/Louth_and_Horncastle_(UK_Parliament_constituency)
Ludlow,https://en.wikipedia.org/wiki/Ludlow_(UK_Parliament_constituency),https://en.wikipedia.org/wiki/Ludlow_(UK_Parliament_constituency)
Luton_North,https://en.wikipedia.org/wiki/Luton_North_(UK_Parliament_constituency),https://en.wikipedia.org/wiki/Luton_North_(UK_Parliament_constituency)
Luton_South,https://en.wikipedia.org/wiki/Luton_South_(UK_Parliament_constituency),https://en.wikipedia.org/wiki/Luton_South_(UK_Parliament_constituency)
Macclesfield,https://en.wikipedia.org/wiki/Macclesfield_(UK_Parliament_constituency),https://en.wikipedia.org/wiki/Macclesfield_(UK_Parliament_constituency)
Maidenhead,https://en.wikipedia.org/wiki/Maidenhead_(UK_Parliament_constituency),https://en.wikipedia.org/wiki/Maidenhead_(UK_Parliament_constituency)
Maidstone_and_The_Weald,https://en.wikipedia.org/wiki/Maidstone_and_The_Weald_(UK_Parliament_constituency),https://en.wikipedia.org/wiki/Maidstone_and_The_Weald_(UK_Parliament_constituency)
Makerfield,https://en.wikipedia.org/wiki/Makerfield_(UK_Parliament_constituency),https://en.wikipedia.org/wiki/Makerfield_(UK_Parliament_constituency)
Maldon,https://en.wikipedia.org/wiki/Maldon_(UK_Parliament_constituency),https://en.wikipedia.org/wiki/Maldon_(UK_Parliament_constituency)
Manchester_Central,https://en.wikipedia.org/wiki/Manchester_Central_(UK_Parliament_constituency),https://en.wikipedia.org/wiki/Manchester_Central_(UK_Parliament_constituency)
"Manchester,_Gorton","https://en.wikipedia.org/wiki/Manchester,_Gorton_(UK_Parliament_constituency)","https://en.wikipedia.org/wiki/Manchester,_Gorton_(UK_Parliament_constituency)"
"Manchester,_Withington","https://en.wikipedia.org/wiki/Manchester,_Withington_(UK_Parliament_constituency)","https://en.wikipedia.org/wiki/Manchester,_Withington_(UK_Parliament_constituency)"
Mansfield,https://en.wikipedia.org/wiki/Mansfield_(UK_Parliament_constituency),https://en.wikipedia.org/wiki/Mansfield_(UK_Parliament_constituency)
Meon_Valley,https://en.wikipedia.org/wiki/Meon_Valley_(UK_Parliament_constituency),https://en.wikipedia.org/wiki/Meon_Valley_(UK_Parliament_constituency)
Meriden,https://en.wikipedia.org/wiki/Meriden_(UK_Parliament_constituency),https://en.wikipedia.org/wiki/Meriden_(UK_Parliament_constituency)
Mid_Bedfordshire,https://en.wikipedia.org/wiki/Mid_Bedfordshire_(UK_Parliament_constituency),https://en.wikipedia.org/wiki/Mid_Bedfordshire_(UK_Parliament_constituency)
Mid_Derbyshire,https://en.wikipedia.org/wiki/Mid_Derbyshire_(UK_Parliament_constituency),https://en.wikipedia.org/wiki/Mid_Derbyshire_(UK_Parliament_constituency)
Mid_Dorset_and_North_Poole,https://en.wikipedia.org/wiki/Mid_Dorset_and_North_Poole_(UK_Parliament_constituency),https://en.wikipedia.org/wiki/Mid_Dorset_and_North_Poole_(UK_Parliament_constituency)
Mid_Norfolk,https://en.wikipedia.org/wiki/Mid_Norfolk_(UK_Parliament_constituency),https://en.wikipedia.org/wiki/Mid_Norfolk_(UK_Parliament_constituency)
Mid_Sussex,https://en.wikipedia.org/wiki/Mid_Sussex_(UK_Parliament_constituency),https://en.wikipedia.org/wiki/Mid_Sussex_(UK_Parliament_constituency)
Mid_Worcestershire,https://en.wikipedia.org/wiki/Mid_Worcestershire_(UK_Parliament_constituency),https://en.wikipedia.org/wiki/Mid_Worcestershire_(UK_Parliament_constituency)
Middlesbrough,https://en.wikipedia.org/wiki/Middlesbrough_(UK_Parliament_constituency),https://en.wikipedia.org/wiki/Middlesbrough_(UK_Parliament_constituency)
Middlesbrough_South_and_East_Cleveland,https://en.wikipedia.org/wiki/Middlesbrough_South_and_East_Cleveland_(UK_Parliament_constituency),https://en.wikipedia.org/wiki/Middlesbrough_South_and_East_Cleveland_(UK_Parliament_constituency)
Milton_Keynes_North,https://en.wikipedia.org/wiki/Milton_Keynes_North_(UK_Parliament_constituency),https://en.wikipedia.org/wiki/Milton_Keynes_North_(UK_Parliament_constituency)
Milton_Keynes_South,https://en.wikipedia.org/wiki/Milton_Keynes_South_(UK_Parliament_constituency),https://en.wikipedia.org/wiki/Milton_Keynes_South_(UK_Parliament_constituency)
Mitcham_and_Morden,https://en.wikipedia.org/wiki/Mitcham_and_Morden_(UK_Parliament_constituency),https://en.wikipedia.org/wiki/Mitcham_and_Morden_(UK_Parliament_constituency)
Mole_Valley,https://en.wikipedia.org/wiki/Mole_Valley_(UK_Parliament_constituency),https://en.wikipedia.org/wiki/Mole_Valley_(UK_Parliament_constituency)
Morecambe_and_Lunesdale,https://en.wikipedia.org/wiki/Morecambe_and_Lunesdale_(UK_Parliament_constituency),https://en.wikipedia.org/wiki/Morecambe_and_Lunesdale_(UK_Parliament_constituency)
Morley_and_Outwood,https://en.wikipedia.org/wiki/Morley_and_Outwood_(UK_Parliament_constituency),https://en.wikipedia.org/wiki/Morley_and_Outwood_(UK_Parliament_constituency)
New_Forest_East,https://en.wikipedia.org/wiki/New_Forest_East_(UK_Parliament_constituency),https://en.wikipedia.org/wiki/New_Forest_East_(UK_Parliament_constituency)
New_Forest_West,https://en.wikipedia.org/wiki/New_Forest_West_(UK_Parliament_constituency),https://en.wikipedia.org/wiki/New_Forest_West_(UK_Parliament_constituency)
Newark,https://en.wikipedia.org/wiki/Newark_(UK_Parliament_constituency),https://en.wikipedia.org/wiki/Newark_(UK_Parliament_constituency)
Newbury,https://en.wikipedia.org/wiki/Newbury_(UK_Parliament_constituency),https://en.wikipedia.org/wiki/Newbury_(UK_Parliament_constituency)
Newcastle-under-Lyme,https://en.wikipedia.org/wiki/Newcastle-under-Lyme_(UK_Parliament_constituency),https://en.wikipedia.org/wiki/Newcastle-under-Lyme_(UK_Parliament_constituency)
Newcastle_upon_Tyne_Central,https://en.wikipedia.org/wiki/Newcastle_upon_Tyne_Central_(UK_Parliament_constituency),https://en.wikipedia.org/wiki/Newcastle_upon_Tyne_Central_(UK_Parliament_constituency)
Newcastle_upon_Tyne_East,https://en.wikipedia.org/wiki/Newcastle_upon_Tyne_East_(UK_Parliament_constituency),https://en.wikipedia.org/wiki/Newcastle_upon_Tyne_East_(UK_Parliament_constituency)
Newcastle_upon_Tyne_North,https://en.wikipedia.org/wiki/Newcastle_upon_Tyne_North_(UK_Parliament_constituency),https://en.wikipedia.org/wiki/Newcastle_upon_Tyne_North_(UK_Parliament_constituency)
Newton_Abbot,https://en.wikipedia.org/wiki/Newton_Abbot_(UK_Parliament_constituency),https://en.wikipedia.org/wiki/Newton_Abbot_(UK_Parliament_constituency)
"Normanton,_Pontefract_and_Castleford","https://en.wikipedia.org/wiki/Normanton,_Pontefract_and_Castleford_(UK_Parliament_constituency)","https://en.wikipedia.org/wiki/Normanton,_Pontefract_and_Castleford_(UK_Parliament_constituency)"
North_Cornwall,https://en.wikipedia.org/wiki/North_Cornwall_(UK_Parliament_constituency),https://en.wikipedia.org/wiki/North_Cornwall_(UK_Parliament_constituency)
North_Devon,https://en.wikipedia.org/wiki/North_Devon_(UK_Parliament_constituency),https://en.wikipedia.org/wiki/North_Devon_(UK_Parliament_constituency)
North_Dorset,https://en.wikipedia.org/wiki/North_Dorset_(UK_Parliament_constituency),https://en.wikipedia.org/wiki/North_Dorset_(UK_Parliament_constituency)
North_Durham,https://en.wikipedia.org/wiki/North_Durham_(UK_Parliament_constituency),https://en.wikipedia.org/wiki/North_Durham_(UK_Parliament_constituency)
North_East_Bedfordshire,https://en.wikipedia.org/wiki/North_East_Bedfordshire_(UK_Parliament_constituency),https://en.wikipedia.org/wiki/North_East_Bedfordshire_(UK_Parliament_constituency)
North_East_Cambridgeshire,https://en.wikipedia.org/wiki/North_East_Cambridgeshire_(UK_Parliament_constituency),https://en.wikipedia.org/wiki/North_East_Cambridgeshire_(UK_Parliament_constituency)
North_East_Derbyshire,https://en.wikipedia.org/wiki/North_East_Derbyshire_(UK_Parliament_constituency),https://en.wikipedia.org/wiki/North_East_Derbyshire_(UK_Parliament_constituency)
North_East_Hampshire,https://en.wikipedia.org/wiki/North_East_Hampshire_(UK_Parliament_constituency),https://en.wikipedia.org/wiki/North_East_Hampshire_(UK_Parliament_constituency)
North_East_Hertfordshire,https://en.wikipedia.org/wiki/North_East_Hertfordshire_(UK_Parliament_constituency),https://en.wikipedia.org/wiki/North_East_Hertfordshire_(UK_Parliament_constituency)
North_East_Somerset,https://en.wikipedia.org/wiki/North_East_Somerset_(UK_Parliament_constituency),https://en.wikipedia.org/wiki/North_East_Somerset_(UK_Parliament_constituency)
North_Herefordshire,https://en.wikipedia.org/wiki/North_Herefordshire_(UK_Parliament_constituency),https://en.wikipedia.org/wiki/North_Herefordshire_(UK_Parliament_constituency)
North_Norfolk,https://en.wikipedia.org/wiki/North_Norfolk_(UK_Parliament_constituency),https://en.wikipedia.org/wiki/North_Norfolk_(UK_Parliament_constituency)
North_Shropshire,https://en.wikipedia.org/wiki/North_Shropshire_(UK_Parliament_constituency),https://en.wikipedia.org/wiki/North_Shropshire_(UK_Parliament_constituency)
North_Somerset,https://en.wikipedia.org/wiki/North_Somerset_(UK_Parliament_constituency),https://en.wikipedia.org/wiki/North_Somerset_(UK_Parliament_constituency)
North_Swindon,https://en.wikipedia.org/wiki/North_Swindon_(UK_Parliament_constituency),https://en.wikipedia.org/wiki/North_Swindon_(UK_Parliament_constituency)
North_Thanet,https://en.wikipedia.org/wiki/North_Thanet_(UK_Parliament_constituency),https://en.wikipedia.org/wiki/North_Thanet_(UK_Parliament_constituency)
North_Tyneside,https://en.wikipedia.org/wiki/North_Tyneside_(UK_Parliament_constituency),https://en.wikipedia.org/wiki/North_Tyneside_(UK_Parliament_constituency)
North_Warwickshire,https://en.wikipedia.org/wiki/North_Warwickshire_(UK_Parliament_constituency),https://en.wikipedia.org/wiki/North_Warwickshire_(UK_Parliament_constituency)
North_West_Cambridgeshire,https://en.wikipedia.org/wiki/North_West_Cambridgeshire_(UK_Parliament_constituency),https://en.wikipedia.org/wiki/North_West_Cambridgeshire_(UK_Parliament_constituency)
North_West_Durham,https://en.wikipedia.org/wiki/North_West_Durham_(UK_Parliament_constituency),https://en.wikipedia.org/wiki/North_West_Durham_(UK_Parliament_constituency)
North_West_Hampshire,https://en.wikipedia.org/wiki/North_West_Hampshire_(UK_Parliament_constituency),https://en.wikipedia.org/wiki/North_West_Hampshire_(UK_Parliament_constituency)
North_West_Leicestershire,https://en.wikipedia.org/wiki/North_West_Leicestershire_(UK_Parliament_constituency),https://en.wikipedia.org/wiki/North_West_Leicestershire_(UK_Parliament_constituency)
North_West_Norfolk,https://en.wikipedia.org/wiki/North_West_Norfolk_(UK_Parliament_constituency),https://en.wikipedia.org/wiki/North_West_Norfolk_(UK_Parliament_constituency)
North_Wiltshire,https://en.wikipedia.org/wiki/North_Wiltshire_(UK_Parliament_constituency),https://en.wikipedia.org/wiki/North_Wiltshire_(UK_Parliament_constituency)
Northampton_North,https://en.wikipedia.org/wiki/Northampton_North_(UK_Parliament_constituency),https://en.wikipedia.org/wiki/Northampton_North_(UK_Parliament_constituency)
Northampton_South,https://en.wikipedia.org/wiki/Northampton_South_(UK_Parliament_constituency),https://en.wikipedia.org/wiki/Northampton_South_(UK_Parliament_constituency)
Norwich_North,https://en.wikipedia.org/wiki/Norwich_North_(UK_Parliament_constituency),https://en.wikipedia.org/wiki/Norwich_North_(UK_Parliament_constituency)
Norwich_South,https://en.wikipedia.org/wiki/Norwich_South_(UK_Parliament_constituency),https://en.wikipedia.org/wiki/Norwich_South_(UK_Parliament_constituency)
Nottingham_East,https://en.wikipedia.org/wiki/Nottingham_East_(UK_Parliament_constituency),https://en.wikipedia.org/wiki/Nottingham_East_(UK_Parliament_constituency)
Nottingham_North,https://en.wikipedia.org/wiki/Nottingham_North_(UK_Parliament_constituency),https://en.wikipedia.org/wiki/Nottingham_North_(UK_Parliament_constituency)
Nottingham_South,https://en.wikipedia.org/wiki/Nottingham_South_(UK_Parliament_constituency),https://en.wikipedia.org/wiki/Nottingham_South_(UK_Parliament_constituency)
Nuneaton,https://en.wikipedia.org/wiki/Nuneaton_(UK_Parliament_constituency),https://en.wikipedia.org/wiki/Nuneaton_(UK_Parliament_constituency)
Old_Bexley_and_Sidcup,https://en.wikipedia.org/wiki/Old_Bexley_and_Sidcup_(UK_Parliament_constituency),https://en.wikipedia.org/wiki/Old_Bexley_and_Sidcup_(UK_Parliament_constituency)
Oldham_East_and_Saddleworth,https://en.wikipedia.org/wiki/Oldham_East_and_Saddleworth_(UK_Parliament_constituency),https://en.wikipedia.org/wiki/Oldham_East_and_Saddleworth_(UK_Parliament_constituency)
Oldham_West_and_Royton,https://en.wikipedia.org/wiki/Oldham_West_and_Royton_(UK_Parliament_constituency),https://en.wikipedia.org/wiki/Oldham_West_and_Royton_(UK_Parliament_constituency)
Orpington,https://en.wikipedia.org/wiki/Orpington_(UK_Parliament_constituency),https://en.wikipedia.org/wiki/Orpington_(UK_Parliament_constituency)
Oxford_East,https://en.wikipedia.org/wiki/Oxford_East_(UK_Parliament_constituency),https://en.wikipedia.org/wiki/Oxford_East_(UK_Parliament_constituency)
Oxford_West_and_Abingdon,https://en.wikipedia.org/wiki/Oxford_West_and_Abingdon_(UK_Parliament_constituency),https://en.wikipedia.org/wiki/Oxford_West_and_Abingdon_(UK_Parliament_constituency)
Pendle,https://en.wikipedia.org/wiki/Pendle_(UK_Parliament_constituency),https://en.wikipedia.org/wiki/Pendle_(UK_Parliament_constituency)
Penistone_and_Stocksbridge,https://en.wikipedia.org/wiki/Penistone_and_Stocksbridge_(UK_Parliament_constituency),https://en.wikipedia.org/wiki/Penistone_and_Stocksbridge_(UK_Parliament_constituency)
Penrith_and_The_Border,https://en.wikipedia.org/wiki/Penrith_and_The_Border_(UK_Parliament_constituency),https://en.wikipedia.org/wiki/Penrith_and_The_Border_(UK_Parliament_constituency)
Peterborough,https://en.wikipedia.org/wiki/Peterborough_(UK_Parliament_constituency),https://en.wikipedia.org/wiki/Peterborough_(UK_Parliament_constituency)
"Plymouth,_Moor_View","https://en.wikipedia.org/wiki/Plymouth,_Moor_View_(UK_Parliament_constituency)","https://en.wikipedia.org/wiki/Plymouth,_Moor_View_(UK_Parliament_constituency)"
"Plymouth,_Sutton_and_Devonport","https://en.wikipedia.org/wiki/Plymouth,_Sutton_and_Devonport_(UK_Parliament_constituency)","https://en.wikipedia.org/wiki/Plymouth,_Sutton_and_Devonport_(UK_Parliament_constituency)"
Poole,https://en.wikipedia.org/wiki/Poole_(UK_Parliament_constituency),https://en.wikipedia.org/wiki/Poole_(UK_Parliament_constituency)
Poplar_and_Limehouse,https://en.wikipedia.org/wiki/Poplar_and_Limehouse_(UK_Parliament_constituency),https://en.wikipedia.org/wiki/Poplar_and_Limehouse_(UK_Parliament_constituency)
Portsmouth_North,https://en.wikipedia.org/wiki/Portsmouth_North_(UK_Parliament_constituency),https://en.wikipedia.org/wiki/Portsmouth_North_(UK_Parliament_constituency)
Portsmouth_South,https://en.wikipedia.org/wiki/Portsmouth_South_(UK_Parliament_constituency),https://en.wikipedia.org/wiki/Portsmouth_South_(UK_Parliament_constituency)
Preston,https://en.wikipedia.org/wiki/Preston_(UK_Parliament_constituency),https://en.wikipedia.org/wiki/Preston_(UK_Parliament_constituency)
Pudsey,https://en.wikipedia.org/wiki/Pudsey_(UK_Parliament_constituency),https://en.wikipedia.org/wiki/Pudsey_(UK_Parliament_constituency)
Putney,https://en.wikipedia.org/wiki/Putney_(UK_Parliament_constituency),https://en.wikipedia.org/wiki/Putney_(UK_Parliament_constituency)
Rayleigh_and_Wickford,https://en.wikipedia.org/wiki/Rayleigh_and_Wickford_(UK_Parliament_constituency),https://en.wikipedia.org/wiki/Rayleigh_and_Wickford_(UK_Parliament_constituency)
Reading_East,https://en.wikipedia.org/wiki/Reading_East_(UK_Parliament_constituency),https://en.wikipedia.org/wiki/Reading_East_(UK_Parliament_constituency)
Reading_West,https://en.wikipedia.org/wiki/Reading_West_(UK_Parliament_constituency),https://en.wikipedia.org/wiki/Reading_West_(UK_Parliament_constituency)
Redcar,https://en.wikipedia.org/wiki/Redcar_(UK_Parliament_constituency),https://en.wikipedia.org/wiki/Redcar_(UK_Parliament_constituency)
Redditch,https://en.wikipedia.org/wiki/Redditch_(UK_Parliament_constituency),https://en.wikipedia.org/wiki/Redditch_(UK_Parliament_constituency)
Reigate,https://en.wikipedia.org/wiki/Reigate_(UK_Parliament_constituency),https://en.wikipedia.org/wiki/Reigate_(UK_Parliament_constituency)
Ribble_Valley,https://en.wikipedia.org/wiki/Ribble_Valley_(UK_Parliament_constituency),https://en.wikipedia.org/wiki/Ribble_Valley_(UK_Parliament_constituency)
Richmond_(Yorks),https://en.wikipedia.org/wiki/Richmond_(Yorks)_(UK_Parliament_constituency),https://en.wikipedia.org/wiki/Richmond_(Yorks)_(UK_Parliament_constituency)
Richmond_Park,https://en.wikipedia.org/wiki/Richmond_Park_(UK_Parliament_constituency),https://en.wikipedia.org/wiki/Richmond_Park_(UK_Parliament_constituency)
Rochdale,https://en.wikipedia.org/wiki/Rochdale_(UK_Parliament_constituency),https://en.wikipedia.org/wiki/Rochdale_(UK_Parliament_constituency)
Rochester_and_Strood,https://en.wikipedia.org/wiki/Rochester_and_Strood_(UK_Parliament_constituency),https://en.wikipedia.org/wiki/Rochester_and_Strood_(UK_Parliament_constituency)
Rochford_and_Southend_East,https://en.wikipedia.org/wiki/Rochford_and_Southend_East_(UK_Parliament_constituency),https://en.wikipedia.org/wiki/Rochford_and_Southend_East_(UK_Parliament_constituency)
Romford,https://en.wikipedia.org/wiki/Romford_(UK_Parliament_constituency),https://en.wikipedia.org/wiki/Romford_(UK_Parliament_constituency)
Romsey_and_Southampton_North,https://en.wikipedia.org/wiki/Romsey_and_Southampton_North_(UK_Parliament_constituency),https://en.wikipedia.org/wiki/Romsey_and_Southampton_North_(UK_Parliament_constituency)
Rossendale_and_Darwen,https://en.wikipedia.org/wiki/Rossendale_and_Darwen_(UK_Parliament_constituency),https://en.wikipedia.org/wiki/Rossendale_and_Darwen_(UK_Parliament_constituency)
Rother_Valley,https://en.wikipedia.org/wiki/Rother_Valley_(UK_Parliament_constituency),https://en.wikipedia.org/wiki/Rother_Valley_(UK_Parliament_constituency)
Rotherham,https://en.wikipedia.org/wiki/Rotherham_(UK_Parliament_constituency),https://en.wikipedia.org/wiki/Rotherham_(UK_Parliament_constituency)
Rugby,https://en.wikipedia.org/wiki/Rugby_(UK_Parliament_constituency),https://en.wikipedia.org/wiki/Rugby_(UK_Parliament_constituency)
"Ruislip,_Northwood_and_Pinner","https://en.wikipedia.org/wiki/Ruislip,_Northwood_and_Pinner_(UK_Parliament_constituency)","https://en.wikipedia.org/wiki/Ruislip,_Northwood_and_Pinner_(UK_Parliament_constituency)"
Runnymede_and_Weybridge,https://en.wikipedia.org/wiki/Runnymede_and_Weybridge_(UK_Parliament_constituency),https://en.wikipedia.org/wiki/Runnymede_and_Weybridge_(UK_Parliament_constituency)
Rushcliffe,https://en.wikipedia.org/wiki/Rushcliffe_(UK_Parliament_constituency),https://en.wikipedia.org/wiki/Rushcliffe_(UK_Parliament_constituency)
Rutland_and_Melton,https://en.wikipedia.org/wiki/Rutland_and_Melton_(UK_Parliament_constituency),https://en.wikipedia.org/wiki/Rutland_and_Melton_(UK_Parliament_constituency)
Saffron_Walden,https://en.wikipedia.org/wiki/Saffron_Walden_(UK_Parliament_constituency),https://en.wikipedia.org/wiki/Saffron_Walden_(UK_Parliament_constituency)
Salford_and_Eccles,https://en.wikipedia.org/wiki/Salford_and_Eccles_(UK_Parliament_constituency),https://en.wikipedia.org/wiki/Salford_and_Eccles_(UK_Parliament_constituency)
Salisbury,https://en.wikipedia.org/wiki/Salisbury_(UK_Parliament_constituency),https://en.wikipedia.org/wiki/Salisbury_(UK_Parliament_constituency)
Scarborough_and_Whitby,https://en.wikipedia.org/wiki/Scarborough_and_Whitby_(UK_Parliament_constituency),https://en.wikipedia.org/wiki/Scarborough_and_Whitby_(UK_Parliament_constituency)
Scunthorpe,https://en.wikipedia.org/wiki/Scunthorpe_(UK_Parliament_constituency),https://en.wikipedia.org/wiki/Scunthorpe_(UK_Parliament_constituency)
Sedgefield,https://en.wikipedia.org/wiki/Sedgefield_(UK_Parliament_constituency),https://en.wikipedia.org/wiki/Sedgefield_(UK_Parliament_constituency)
Sefton_Central,https://en.wikipedia.org/wiki/Sefton_Central_(UK_Parliament_constituency),https://en.wikipedia.org/wiki/Sefton_Central_(UK_Parliament_constituency)
Selby_and_Ainsty,https://en.wikipedia.org/wiki/Selby_and_Ainsty_(UK_Parliament_constituency),https://en.wikipedia.org/wiki/Selby_and_Ainsty_(UK_Parliament_constituency)
Sevenoaks,https://en.wikipedia.org/wiki/Sevenoaks_(UK_Parliament_constituency),https://en.wikipedia.org/wiki/Sevenoaks_(UK_Parliament_constituency)
"Sheffield,_Brightside_and_Hillsborough","https://en.wikipedia.org/wiki/Sheffield,_Brightside_and_Hillsborough_(UK_Parliament_constituency)","https://en.wikipedia.org/wiki/Sheffield,_Brightside_and_Hillsborough_(UK_Parliament_constituency)"
Sheffield_Central,https://en.wikipedia.org/wiki/Sheffield_Central_(UK_Parliament_constituency),https://en.wikipedia.org/wiki/Sheffield_Central_(UK_Parliament_constituency)
"Sheffield,_Hallam","https://en.wikipedia.org/wiki/Sheffield,_Hallam_(UK_Parliament_constituency)","https://en.wikipedia.org/wiki/Sheffield,_Hallam_(UK_Parliament_constituency)"
"Sheffield,_Heeley","https://en.wikipedia.org/wiki/Sheffield,_Heeley_(UK_Parliament_constituency)","https://en.wikipedia.org/wiki/Sheffield,_Heeley_(UK_Parliament_constituency)"
Sheffield_South_East,https://en.wikipedia.org/wiki/Sheffield_South_East_(UK_Parliament_constituency),https://en.wikipedia.org/wiki/Sheffield_South_East_(UK_Parliament_constituency)
Sherwood,https://en.wikipedia.org/wiki/Sherwood_(UK_Parliament_constituency),https://en.wikipedia.org/wiki/Sherwood_(UK_Parliament_constituency)
Shipley,https://en.wikipedia.org/wiki/Shipley_(UK_Parliament_constituency),https://en.wikipedia.org/wiki/Shipley_(UK_Parliament_constituency)
Shrewsbury_and_Atcham,https://en.wikipedia.org/wiki/Shrewsbury_and_Atcham_(UK_Parliament_constituency),https://en.wikipedia.org/wiki/Shrewsbury_and_Atcham_(UK_Parliament_constituency)
Sittingbourne_and_Sheppey,https://en.wikipedia.org/wiki/Sittingbourne_and_Sheppey_(UK_Parliament_constituency),https://en.wikipedia.org/wiki/Sittingbourne_and_Sheppey_(UK_Parliament_constituency)
Skipton_and_Ripon,https://en.wikipedia.org/wiki/Skipton_and_Ripon_(UK_Parliament_constituency),https://en.wikipedia.org/wiki/Skipton_and_Ripon_(UK_Parliament_constituency)
Sleaford_and_North_Hykeham,https://en.wikipedia.org/wiki/Sleaford_and_North_Hykeham_(UK_Parliament_constituency),https://en.wikipedia.org/wiki/Sleaford_and_North_Hykeham_(UK_Parliament_constituency)
Slough,https://en.wikipedia.org/wiki/Slough_(UK_Parliament_constituency),https://en.wikipedia.org/wiki/Slough_(UK_Parliament_constituency)
Solihull,https://en.wikipedia.org/wiki/Solihull_(UK_Parliament_constituency),https://en.wikipedia.org/wiki/Solihull_(UK_Parliament_constituency)
Somerton_and_Frome,https://en.wikipedia.org/wiki/Somerton_and_Frome_(UK_Parliament_constituency),https://en.wikipedia.org/wiki/Somerton_and_Frome_(UK_Parliament_constituency)
South_Basildon_and_East_Thurrock,https://en.wikipedia.org/wiki/South_Basildon_and_East_Thurrock_(UK_Parliament_constituency),https://en.wikipedia.org/wiki/South_Basildon_and_East_Thurrock_(UK_Parliament_constituency)
South_Cambridgeshire,https://en.wikipedia.org/wiki/South_Cambridgeshire_(UK_Parliament_constituency),https://en.wikipedia.org/wiki/South_Cambridgeshire_(UK_Parliament_constituency)
South_Derbyshire,https://en.wikipedia.org/wiki/South_Derbyshire_(UK_Parliament_constituency),https://en.wikipedia.org/wiki/South_Derbyshire_(UK_Parliament_constituency)
South_Dorset,https://en.wikipedia.org/wiki/South_Dorset_(UK_Parliament_constituency),https://en.wikipedia.org/wiki/South_Dorset_(UK_Parliament_constituency)
South_East_Cambridgeshire,https://en.wikipedia.org/wiki/South_East_Cambridgeshire_(UK_Parliament_constituency),https://en.wikipedia.org/wiki/South_East_Cambridgeshire_(UK_Parliament_constituency)
South_East_Cornwall,https://en.wikipedia.org/wiki/South_East_Cornwall_(UK_Parliament_constituency),https://en.wikipedia.org/wiki/South_East_Cornwall_(UK_Parliament_constituency)
South_Holland_and_The_Deepings,https://en.wikipedia.org/wiki/South_Holland_and_The_Deepings_(UK_Parliament_constituency),https://en.wikipedia.org/wiki/South_Holland_and_The_Deepings_(UK_Parliament_constituency)
South_Leicestershire,https://en.wikipedia.org/wiki/South_Leicestershire_(UK_Parliament_constituency),https://en.wikipedia.org/wiki/South_Leicestershire_(UK_Parliament_constituency)
South_Norfolk,https://en.wikipedia.org/wiki/South_Norfolk_(UK_Parliament_constituency),https://en.wikipedia.org/wiki/South_Norfolk_(UK_Parliament_constituency)
South_Northamptonshire,https://en.wikipedia.org/wiki/South_Northamptonshire_(UK_Parliament_constituency),https://en.wikipedia.org/wiki/South_Northamptonshire_(UK_Parliament_constituency)
South_Ribble,https://en.wikipedia.org/wiki/South_Ribble_(UK_Parliament_constituency),https://en.wikipedia.org/wiki/South_Ribble_(UK_Parliament_constituency)
South_Shields,https://en.wikipedia.org/wiki/South_Shields_(UK_Parliament_constituency),https://en.wikipedia.org/wiki/South_Shields_(UK_Parliament_constituency)
South_Staffordshire,https://en.wikipedia.org/wiki/South_Staffordshire_(UK_Parliament_constituency),https://en.wikipedia.org/wiki/South_Staffordshire_(UK_Parliament_constituency)
South_Suffolk,https://en.wikipedia.org/wiki/South_Suffolk_(UK_Parliament_constituency),https://en.wikipedia.org/wiki/South_Suffolk_(UK_Parliament_constituency)
South_Swindon,https://en.wikipedia.org/wiki/South_Swindon_(UK_Parliament_constituency),https://en.wikipedia.org/wiki/South_Swindon_(UK_Parliament_constituency)
South_Thanet,https://en.wikipedia.org/wiki/South_Thanet_(UK_Parliament_constituency),https://en.wikipedia.org/wiki/South_Thanet_(UK_Parliament_constituency)
South_West_Bedfordshire,https://en.wikipedia.org/wiki/South_West_Bedfordshire_(UK_Parliament_constituency),https://en.wikipedia.org/wiki/South_West_Bedfordshire_(UK_Parliament_constituency)
South_West_Devon,https://en.wikipedia.org/wiki/South_West_Devon_(UK_Parliament_constituency),https://en.wikipedia.org/wiki/South_West_Devon_(UK_Parliament_constituency)
South_West_Hertfordshire,https://en.wikipedia.org/wiki/South_West_Hertfordshire_(UK_Parliament_constituency),https://en.wikipedia.org/wiki/South_West_Hertfordshire_(UK_Parliament_constituency)
South_West_Norfolk,https://en.wikipedia.org/wiki/South_West_Norfolk_(UK_Parliament_constituency),https://en.wikipedia.org/wiki/South_West_Norfolk_(UK_Parliament_constituency)
South_West_Surrey,https://en.wikipedia.org/wiki/South_West_Surrey_(UK_Parliament_constituency),https://en.wikipedia.org/wiki/South_West_Surrey_(UK_Parliament_constituency)
South_West_Wiltshire,https://en.wikipedia.org/wiki/South_West_Wiltshire_(UK_Parliament_constituency),https://en.wikipedia.org/wiki/South_West_Wiltshire_(UK_Parliament_constituency)
"Southampton,_Itchen","https://en.wikipedia.org/wiki/Southampton,_Itchen_(UK_Parliament_constituency)","https://en.wikipedia.org/wiki/Southampton,_Itchen_(UK_Parliament_constituency)"
"Southampton,_Test","https://en.wikipedia.org/wiki/Southampton,_Test_(UK_Parliament_constituency)","https://en.wikipedia.org/wiki/Southampton,_Test_(UK_Parliament_constituency)"
Southend_West,https://en.wikipedia.org/wiki/Southend_West_(UK_Parliament_constituency),https://en.wikipedia.org/wiki/Southend_West_(UK_Parliament_constituency)
Southport,https://en.wikipedia.org/wiki/Southport_(UK_Parliament_constituency),https://en.wikipedia.org/wiki/Southport_(UK_Parliament_constituency)
Spelthorne,https://en.wikipedia.org/wiki/Spelthorne_(UK_Parliament_constituency),https://en.wikipedia.org/wiki/Spelthorne_(UK_Parliament_constituency)
St_Albans,https://en.wikipedia.org/wiki/St_Albans_(UK_Parliament_constituency),https://en.wikipedia.org/wiki/St_Albans_(UK_Parliament_constituency)
St_Austell_and_Newquay,https://en.wikipedia.org/wiki/St_Austell_and_Newquay_(UK_Parliament_constituency),https://en.wikipedia.org/wiki/St_Austell_and_Newquay_(UK_Parliament_constituency)
St_Helens_North,https://en.wikipedia.org/wiki/St_Helens_North_(UK_Parliament_constituency),https://en.wikipedia.org/wiki/St_Helens_North_(UK_Parliament_constituency)
St_Helens_South_and_Whiston,https://en.wikipedia.org/wiki/St_Helens_South_and_Whiston_(UK_Parliament_constituency),https://en.wikipedia.org/wiki/St_Helens_South_and_Whiston_(UK_Parliament_constituency)
St_Ives,https://en.wikipedia.org/wiki/St_Ives_(UK_Parliament_constituency),https://en.wikipedia.org/wiki/St_Ives_(UK_Parliament_constituency)
Stafford,https://en.wikipedia.org/wiki/Stafford_(UK_Parliament_constituency),https://en.wikipedia.org/wiki/Stafford_(UK_Parliament_constituency)
Staffordshire_Moorlands,https://en.wikipedia.org/wiki/Staffordshire_Moorlands_(UK_Parliament_constituency),https://en.wikipedia.org/wiki/Staffordshire_Moorlands_(UK_Parliament_constituency)
Stalybridge_and_Hyde,https://en.wikipedia.org/wiki/Stalybridge_and_Hyde_(UK_Parliament_constituency),https://en.wikipedia.org/wiki/Stalybridge_and_Hyde_(UK_Parliament_constituency)
Stevenage,https://en.wikipedia.org/wiki/Stevenage_(UK_Parliament_constituency),https://en.wikipedia.org/wiki/Stevenage_(UK_Parliament_constituency)
Stockport,https://en.wikipedia.org/wiki/Stockport_(UK_Parliament_constituency),https://en.wikipedia.org/wiki/Stockport_(UK_Parliament_constituency)
Stockton_North,https://en.wikipedia.org/wiki/Stockton_North_(UK_Parliament_constituency),https://en.wikipedia.org/wiki/Stockton_North_(UK_Parliament_constituency)
Stockton_South,https://en.wikipedia.org/wiki/Stockton_South_(UK_Parliament_constituency),https://en.wikipedia.org/wiki/Stockton_South_(UK_Parliament_constituency)
Stoke-on-Trent_Central,https://en.wikipedia.org/wiki/Stoke-on-Trent_Central_(UK_Parliament_constituency),https://en.wikipedia.org/wiki/Stoke-on-Trent_Central_(UK_Parliament_constituency)
Stoke-on-Trent_North,https://en.wikipedia.org/wiki/Stoke-on-Trent_North_(UK_Parliament_constituency),https://en.wikipedia.org/wiki/Stoke-on-Trent_North_(UK_Parliament_constituency)
Stoke-on-Trent_South,https://en.wikipedia.org/wiki/Stoke-on-Trent_South_(UK_Parliament_constituency),https://en.wikipedia.org/wiki/Stoke-on-Trent_South_(UK_Parliament_constituency)
Stone,https://en.wikipedia.org/wiki/Stone_(UK_Parliament_constituency),https://en.wikipedia.org/wiki/Stone_(UK_Parliament_constituency)
Stourbridge,https://en.wikipedia.org/wiki/Stourbridge_(UK_Parliament_constituency),https://en.wikipedia.org/wiki/Stourbridge_(UK_Parliament_constituency)
Stratford-on-Avon,https://en.wikipedia.org/wiki/Stratford-on-Avon_(UK_Parliament_constituency),https://en.wikipedia.org/wiki/Stratford-on-Avon_(UK_Parliament_constituency)
Streatham,https://en.wikipedia.org/wiki/Streatham_(UK_Parliament_constituency),https://en.wikipedia.org/wiki/Streatham_(UK_Parliament_constituency)
Stretford_and_Urmston,https://en.wikipedia.org/wiki/Stretford_and_Urmston_(UK_Parliament_constituency),https://en.wikipedia.org/wiki/Stretford_and_Urmston_(UK_Parliament_constituency)
Stroud,https://en.wikipedia.org/wiki/Stroud_(UK_Parliament_constituency),https://en.wikipedia.org/wiki/Stroud_(UK_Parliament_constituency)
Suffolk_Coastal,https://en.wikipedia.org/wiki/Suffolk_Coastal_(UK_Parliament_constituency),https://en.wikipedia.org/wiki/Suffolk_Coastal_(UK_Parliament_constituency)
Sunderland_Central,https://en.wikipedia.org/wiki/Sunderland_Central_(UK_Parliament_constituency),https://en.wikipedia.org/wiki/Sunderland_Central_(UK_Parliament_constituency)
Surrey_Heath,https://en.wikipedia.org/wiki/Surrey_Heath_(UK_Parliament_constituency),https://en.wikipedia.org/wiki/Surrey_Heath_(UK_Parliament_constituency)
Sutton_and_Cheam,https://en.wikipedia.org/wiki/Sutton_and_Cheam_(UK_Parliament_constituency),https://en.wikipedia.org/wiki/Sutton_and_Cheam_(UK_Parliament_constituency)
Sutton_Coldfield,https://en.wikipedia.org/wiki/Sutton_Coldfield_(UK_Parliament_constituency),https://en.wikipedia.org/wiki/Sutton_Coldfield_(UK_Parliament_constituency)
Tamworth,https://en.wikipedia.org/wiki/Tamworth_(UK_Parliament_constituency),https://en.wikipedia.org/wiki/Tamworth_(UK_Parliament_constituency)
Tatton,https://en.wikipedia.org/wiki/Tatton_(UK_Parliament_constituency),https://en.wikipedia.org/wiki/Tatton_(UK_Parliament_constituency)
Taunton_Deane,https://en.wikipedia.org/wiki/Taunton_Deane_(UK_Parliament_constituency),https://en.wikipedia.org/wiki/Taunton_Deane_(UK_Parliament_constituency)
Telford,https://en.wikipedia.org/wiki/Telford_(UK_Parliament_constituency),https://en.wikipedia.org/wiki/Telford_(UK_Parliament_constituency)
Tewkesbury,https://en.wikipedia.org/wiki/Tewkesbury_(UK_Parliament_constituency),https://en.wikipedia.org/wiki/Tewkesbury_(UK_Parliament_constituency)
The_Cotswolds,https://en.wikipedia.org/wiki/The_Cotswolds_(UK_Parliament_constituency),https://en.wikipedia.org/wiki/The_Cotswolds_(UK_Parliament_constituency)
The_Wrekin,https://en.wikipedia.org/wiki/The_Wrekin_(UK_Parliament_constituency),https://en.wikipedia.org/wiki/The_Wrekin_(UK_Parliament_constituency)
Thirsk_and_Malton,https://en.wikipedia.org/wiki/Thirsk_and_Malton_(UK_Parliament_constituency),https://en.wikipedia.org/wiki/Thirsk_and_Malton_(UK_Parliament_constituency)
Thornbury_and_Yate,https://en.wikipedia.org/wiki/Thornbury_and_Yate_(UK_Parliament_constituency),https://en.wikipedia.org/wiki/Thornbury_and_Yate_(UK_Parliament_constituency)
Thurrock,https://en.wikipedia.org/wiki/Thurrock_(UK_Parliament_constituency),https://en.wikipedia.org/wiki/Thurrock_(UK_Parliament_constituency)
Tiverton_and_Honiton,https://en.wikipedia.org/wiki/Tiverton_and_Honiton_(UK_Parliament_constituency),https://en.wikipedia.org/wiki/Tiverton_and_Honiton_(UK_Parliament_constituency)
Tonbridge_and_Malling,https://en.wikipedia.org/wiki/Tonbridge_and_Malling_(UK_Parliament_constituency),https://en.wikipedia.org/wiki/Tonbridge_and_Malling_(UK_Parliament_constituency)
Tooting,https://en.wikipedia.org/wiki/Tooting_(UK_Parliament_constituency),https://en.wikipedia.org/wiki/Tooting_(UK_Parliament_constituency)
Torbay,https://en.wikipedia.org/wiki/Torbay_(UK_Parliament_constituency),https://en.wikipedia.org/wiki/Torbay_(UK_Parliament_constituency)
Torridge_and_West_Devon,https://en.wikipedia.org/wiki/Torridge_and_West_Devon_(UK_Parliament_constituency),https://en.wikipedia.org/wiki/Torridge_and_West_Devon_(UK_Parliament_constituency)
Totnes,https://en.wikipedia.org/wiki/Totnes_(UK_Parliament_constituency),https://en.wikipedia.org/wiki/Totnes_(UK_Parliament_constituency)
Tottenham,https://en.wikipedia.org/wiki/Tottenham_(UK_Parliament_constituency),https://en.wikipedia.org/wiki/Tottenham_(UK_Parliament_constituency)
Truro_and_Falmouth,https://en.wikipedia.org/wiki/Truro_and_Falmouth_(UK_Parliament_constituency),https://en.wikipedia.org/wiki/Truro_and_Falmouth_(UK_Parliament_constituency)
Tunbridge_Wells,https://en.wikipedia.org/wiki/Tunbridge_Wells_(UK_Parliament_constituency),https://en.wikipedia.org/wiki/Tunbridge_Wells_(UK_Parliament_constituency)
Twickenham,https://en.wikipedia.org/wiki/Twickenham_(UK_Parliament_constituency),https://en.wikipedia.org/wiki/Twickenham_(UK_Parliament_constituency)
Tynemouth,https://en.wikipedia.org/wiki/Tynemouth_(UK_Parliament_constituency),https://en.wikipedia.org/wiki/Tynemouth_(UK_Parliament_constituency)
Uxbridge_and_South_Ruislip,https://en.wikipedia.org/wiki/Uxbridge_and_South_Ruislip_(UK_Parliament_constituency),https://en.wikipedia.org/wiki/Uxbridge_and_South_Ruislip_(UK_Parliament_constituency)
Vauxhall,https://en.wikipedia.org/wiki/Vauxhall_(UK_Parliament_constituency),https://en.wikipedia.org/wiki/Vauxhall_(UK_Parliament_constituency)
Wakefield,https://en.wikipedia.org/wiki/Wakefield_(UK_Parliament_constituency),https://en.wikipedia.org/wiki/Wakefield_(UK_Parliament_constituency)
Wallasey,https://en.wikipedia.org/wiki/Wallasey_(UK_Parliament_constituency),https://en.wikipedia.org/wiki/Wallasey_(UK_Parliament_constituency)
Walsall_North,https://en.wikipedia.org/wiki/Walsall_North_(UK_Parliament_constituency),https://en.wikipedia.org/wiki/Walsall_North_(UK_Parliament_constituency)
Walsall_South,https://en.wikipedia.org/wiki/Walsall_South_(UK_Parliament_constituency),https://en.wikipedia.org/wiki/Walsall_South_(UK_Parliament_constituency)
Walthamstow,https://en.wikipedia.org/wiki/Walthamstow_(UK_Parliament_constituency),https://en.wikipedia.org/wiki/Walthamstow_(UK_Parliament_constituency)
Wansbeck,https://en.wikipedia.org/wiki/Wansbeck_(UK_Parliament_constituency),https://en.wikipedia.org/wiki/Wansbeck_(UK_Parliament_constituency)
Wantage,https://en.wikipedia.org/wiki/Wantage_(UK_Parliament_constituency),https://en.wikipedia.org/wiki/Wantage_(UK_Parliament_constituency)
Warley,https://en.wikipedia.org/wiki/Warley_(UK_Parliament_constituency),https://en.wikipedia.org/wiki/Warley_(UK_Parliament_constituency)
Warrington_North,https://en.wikipedia.org/wiki/Warrington_North_(UK_Parliament_constituency),https://en.wikipedia.org/wiki/Warrington_North_(UK_Parliament_constituency)
Warrington_South,https://en.wikipedia.org/wiki/Warrington_South_(UK_Parliament_constituency),https://en.wikipedia.org/wiki/Warrington_South_(UK_Parliament_constituency)
Warwick_and_Leamington,https://en.wikipedia.org/wiki/Warwick_and_Leamington_(UK_Parliament_constituency),https://en.wikipedia.org/wiki/Warwick_and_Leamington_(UK_Parliament_constituency)
Washington_and_Sunderland_West,https://en.wikipedia.org/wiki/Washington_and_Sunderland_West_(UK_Parliament_constituency),https://en.wikipedia.org/wiki/Washington_and_Sunderland_West_(UK_Parliament_constituency)
Watford,https://en.wikipedia.org/wiki/Watford_(UK_Parliament_constituency),https://en.wikipedia.org/wiki/Watford_(UK_Parliament_constituency)
Waveney,https://en.wikipedia.org/wiki/Waveney_(UK_Parliament_constituency),https://en.wikipedia.org/wiki/Waveney_(UK_Parliament_constituency)
Wealden,https://en.wikipedia.org/wiki/Wealden_(UK_Parliament_constituency),https://en.wikipedia.org/wiki/Wealden_(UK_Parliament_constituency)
Weaver_Vale,https://en.wikipedia.org/wiki/Weaver_Vale_(UK_Parliament_constituency),https://en.wikipedia.org/wiki/Weaver_Vale_(UK_Parliament_constituency)
Wellingborough,https://en.wikipedia.org/wiki/Wellingborough_(UK_Parliament_constituency),https://en.wikipedia.org/wiki/Wellingborough_(UK_Parliament_constituency)
Wells,https://en.wikipedia.org/wiki/Wells_(UK_Parliament_constituency),https://en.wikipedia.org/wiki/Wells_(UK_Parliament_constituency)
Welwyn_Hatfield,https://en.wikipedia.org/wiki/Welwyn_Hatfield_(UK_Parliament_constituency),https://en.wikipedia.org/wiki/Welwyn_Hatfield_(UK_Parliament_constituency)
Wentworth_and_Dearne,https://en.wikipedia.org/wiki/Wentworth_and_Dearne_(UK_Parliament_constituency),https://en.wikipedia.org/wiki/Wentworth_and_Dearne_(UK_Parliament_constituency)
West_Bromwich_East,https://en.wikipedia.org/wiki/West_Bromwich_East_(UK_Parliament_constituency),https://en.wikipedia.org/wiki/West_Bromwich_East_(UK_Parliament_constituency)
West_Bromwich_West,https://en.wikipedia.org/wiki/West_Bromwich_West_(UK_Parliament_constituency),https://en.wikipedia.org/wiki/West_Bromwich_West_(UK_Parliament_constituency)
West_Dorset,https://en.wikipedia.org/wiki/West_Dorset_(UK_Parliament_constituency),https://en.wikipedia.org/wiki/West_Dorset_(UK_Parliament_constituency)
West_Ham,https://en.wikipedia.org/wiki/West_Ham_(UK_Parliament_constituency),https://en.wikipedia.org/wiki/West_Ham_(UK_Parliament_constituency)
West_Lancashire,https://en.wikipedia.org/wiki/West_Lancashire_(UK_Parliament_constituency),https://en.wikipedia.org/wiki/West_Lancashire_(UK_Parliament_constituency)
West_Suffolk,https://en.wikipedia.org/wiki/West_Suffolk_(UK_Parliament_constituency),https://en.wikipedia.org/wiki/West_Suffolk_(UK_Parliament_constituency)
West_Worcestershire,https://en.wikipedia.org/wiki/West_Worcestershire_(UK_Parliament_constituency),https://en.wikipedia.org/wiki/West_Worcestershire_(UK_Parliament_constituency)
Westminster_North,https://en.wikipedia.org/wiki/Westminster_North_(UK_Parliament_constituency),https://en.wikipedia.org/wiki/Westminster_North_(UK_Parliament_constituency)
Westmorland_and_Lonsdale,https://en.wikipedia.org/wiki/Westmorland_and_Lonsdale_(UK_Parliament_constituency),https://en.wikipedia.org/wiki/Westmorland_and_Lonsdale_(UK_Parliament_constituency)
Weston-Super-Mare,https://en.wikipedia.org/wiki/Weston-Super-Mare_(UK_Parliament_constituency),https://en.wikipedia.org/wiki/Weston-Super-Mare_(UK_Parliament_constituency)
Wigan,https://en.wikipedia.org/wiki/Wigan_(UK_Parliament_constituency),https://en.wikipedia.org/wiki/Wigan_(UK_Parliament_constituency)
Wimbledon,https://en.wikipedia.org/wiki/Wimbledon_(UK_Parliament_constituency),https://en.wikipedia.org/wiki/Wimbledon_(UK_Parliament_constituency)
Winchester,https://en.wikipedia.org/wiki/Winchester_(UK_Parliament_constituency),https://en.wikipedia.org/wiki/Winchester_(UK_Parliament_constituency)
Windsor,https://en.wikipedia.org/wiki/Windsor_(UK_Parliament_constituency),https://en.wikipedia.org/wiki/Windsor_(UK_Parliament_constituency)
Wirral_South,https://en.wikipedia.org/wiki/Wirral_South_(UK_Parliament_constituency),https://en.wikipedia.org/wiki/Wirral_South_(UK_Parliament_constituency)
Wirral_West,https://en.wikipedia.org/wiki/Wirral_West_(UK_Parliament_constituency),https://en.wikipedia.org/wiki/Wirral_West_(UK_Parliament_constituency)
Witham,https://en.wikipedia.org/wiki/Witham_(UK_Parliament_constituency),https://en.wikipedia.org/wiki/Witham_(UK_Parliament_constituency)
Witney,https://en.wikipedia.org/wiki/Witney_(UK_Parliament_constituency),https://en.wikipedia.org/wiki/Witney_(UK_Parliament_constituency)
Woking,https://en.wikipedia.org/wiki/Woking_(UK_Parliament_constituency),https://en.wikipedia.org/wiki/Woking_(UK_Parliament_constituency)
Wokingham,https://en.wikipedia.org/wiki/Wokingham_(UK_Parliament_constituency),https://en.wikipedia.org/wiki/Wokingham_(UK_Parliament_constituency)
Wolverhampton_North_East,https://en.wikipedia.org/wiki/Wolverhampton_North_East_(UK_Parliament_constituency),https://en.wikipedia.org/wiki/Wolverhampton_North_East_(UK_Parliament_constituency)
Wolverhampton_South_East,https://en.wikipedia.org/wiki/Wolverhampton_South_East_(UK_Parliament_constituency),https://en.wikipedia.org/wiki/Wolverhampton_South_East_(UK_Parliament_constituency)
Wolverhampton_South_West,https://en.wikipedia.org/wiki/Wolverhampton_South_West_(UK_Parliament_constituency),https://en.wikipedia.org/wiki/Wolverhampton_South_West_(UK_Parliament_constituency)
Worcester,https://en.wikipedia.org/wiki/Worcester_(UK_Parliament_constituency),https://en.wikipedia.org/wiki/Worcester_(UK_Parliament_constituency)
Workington,https://en.wikipedia.org/wiki/Workington_(UK_Parliament_constituency),https://en.wikipedia.org/wiki/Workington_(UK_Parliament_constituency)
Worsley_and_Eccles_South,https://en.wikipedia.org/wiki/Worsley_and_Eccles_South_(UK_Parliament_constituency),https://en.wikipedia.org/wiki/Worsley_and_Eccles_South_(UK_Parliament_constituency)
Worthing_West,https://en.wikipedia.org/wiki/Worthing_West_(UK_Parliament_constituency),https://en.wikipedia.org/wiki/Worthing_West_(UK_Parliament_constituency)
Wycombe,https://en.wikipedia.org/wiki/Wycombe_(UK_Parliament_constituency),https://en.wikipedia.org/wiki/Wycombe_(UK_Parliament_constituency)
Wyre_and_Preston_North,https://en.wikipedia.org/wiki/Wyre_and_Preston_North_(UK_Parliament_constituency),https://en.wikipedia.org/wiki/Wyre_and_Preston_North_(UK_Parliament_constituency)
Wyre_Forest,https://en.wikipedia.org/wiki/Wyre_Forest_(UK_Parliament_constituency),https://en.wikipedia.org/wiki/Wyre_Forest_(UK_Parliament_constituency)
Wythenshawe_and_Sale_East,https://en.wikipedia.org/wiki/Wythenshawe_and_Sale_East_(UK_Parliament_constituency),https://en.wikipedia.org/wiki/Wythenshawe_and_Sale_East_(UK_Parliament_constituency)
Yeovil,https://en.wikipedia.org/wiki/Yeovil_(UK_Parliament_constituency),https://en.wikipedia.org/wiki/Yeovil_(UK_Parliament_constituency)
York_Central,https://en.wikipedia.org/wiki/York_Central_(UK_Parliament_constituency),https://en.wikipedia.org/wiki/York_Central_(UK_Parliament_constituency)
York_Outer,https://en.wikipedia.org/wiki/York_Outer_(UK_Parliament_constituency),https://en.wikipedia.org/wiki/York_Outer_(UK_Parliament_constituency)
